timestamp,open,high,low,close,volume,Dividends,Stock Splits,"('timestamp', '')","('open', 'AUDCHF=X')","('high', 'AUDCHF=X')","('low', 'AUDCHF=X')","('close', 'AUDCHF=X')","('volume', 'AUDCHF=X')"
2025-05-20 23:00:00+00:00,0.5314499735832214,0.5316699743270874,0.530430018901825,0.5311899781227112,0.0,0.0,0.0,,,,,,
2025-05-21 00:00:00+00:00,0.5311599969863892,0.5320500135421753,0.5302000045776367,0.5318899750709534,0.0,0.0,0.0,,,,,,
2025-05-21 01:00:00+00:00,0.5319100022315979,0.5320799946784973,0.5306500196456909,0.5311999917030334,0.0,0.0,0.0,,,,,,
2025-05-21 02:00:00+00:00,0.531220018863678,0.5314099788665771,0.5290499925613403,0.5301600098609924,0.0,0.0,0.0,,,,,,
2025-05-21 03:00:00+00:00,0.5301700234413147,0.5309000015258789,0.5296099781990051,0.5304399728775024,0.0,0.0,0.0,,,,,,
2025-05-21 04:00:00+00:00,0.530430018901825,0.5307000279426575,0.5292699933052063,0.5304200053215027,0.0,0.0,0.0,,,,,,
2025-05-21 05:00:00+00:00,0.5304099917411804,0.5310500264167786,0.5297899842262268,0.5305200219154358,0.0,0.0,0.0,,,,,,
2025-05-21 06:00:00+00:00,0.5305799841880798,0.530780017375946,0.5292199850082397,0.5305899977684021,0.0,0.0,0.0,,,,,,
2025-05-21 07:00:00+00:00,0.5306299924850464,0.5315999984741211,0.5299199819564819,0.5314199924468994,0.0,0.0,0.0,,,,,,
2025-05-21 08:00:00+00:00,0.5314599871635437,0.5319300293922424,0.5305299758911133,0.5315399765968323,0.0,0.0,0.0,,,,,,
2025-05-21 09:00:00+00:00,0.5315300226211548,0.5322399735450745,0.5301200151443481,0.5307899713516235,0.0,0.0,0.0,,,,,,
2025-05-21 10:00:00+00:00,0.530780017375946,0.5312299728393555,0.5296599864959717,0.531059980392456,0.0,0.0,0.0,,,,,,
2025-05-21 11:00:00+00:00,0.5310400128364563,0.532039999961853,0.5303699970245361,0.5320199728012085,0.0,0.0,0.0,,,,,,
2025-05-21 12:00:00+00:00,0.532010018825531,0.5327799916267395,0.530489981174469,0.5314300060272217,0.0,0.0,0.0,,,,,,
2025-05-21 13:00:00+00:00,0.5314499735832214,0.5320299863815308,0.5306000113487244,0.5319100022315979,0.0,0.0,0.0,,,,,,
2025-05-21 14:00:00+00:00,0.5318999886512756,0.5327100157737732,0.5312299728393555,0.5323600172996521,0.0,0.0,0.0,,,,,,
2025-05-21 15:00:00+00:00,0.5323799848556519,0.5337399840354919,0.5316900014877319,0.533490002155304,0.0,0.0,0.0,,,,,,
2025-05-21 16:00:00+00:00,0.5334500074386597,0.5336999893188477,0.5325199961662292,0.5333499908447266,0.0,0.0,0.0,,,,,,
2025-05-21 17:00:00+00:00,0.5333300232887268,0.5334399938583374,0.5303300023078918,0.5310999751091003,0.0,0.0,0.0,,,,,,
2025-05-21 18:00:00+00:00,0.5310900211334229,0.5317000150680542,0.5301700234413147,0.5314499735832214,0.0,0.0,0.0,,,,,,
2025-05-21 19:00:00+00:00,0.5314199924468994,0.5315999984741211,0.5301700234413147,0.5311599969863892,0.0,0.0,0.0,,,,,,
2025-05-21 20:00:00+00:00,0.5311200022697449,0.5315300226211548,0.5301200151443481,0.5311099886894226,0.0,0.0,0.0,,,,,,
2025-05-21 21:00:00+00:00,0.5303099751472473,0.5320299863815308,0.5289999842643738,0.530430018901825,0.0,0.0,0.0,,,,,,
2025-05-21 22:00:00+00:00,0.5299100279808044,0.5315600037574768,0.5299100279808044,0.531279981136322,0.0,0.0,0.0,,,,,,
2025-05-21 23:00:00+00:00,0.5313000082969666,0.5314300060272217,0.5299400091171265,0.5305399894714355,0.0,0.0,0.0,,,,,,
2025-05-22 00:00:00+00:00,0.5305100083351135,0.53125,0.5297499895095825,0.5311999917030334,0.0,0.0,0.0,,,,,,
2025-05-22 01:00:00+00:00,0.5311899781227112,0.5316500067710876,0.5292999744415283,0.5299800038337708,0.0,0.0,0.0,,,,,,
2025-05-22 02:00:00+00:00,0.5298900008201599,0.5309600234031677,0.52920001745224,0.5306299924850464,0.0,0.0,0.0,,,,,,
2025-05-22 03:00:00+00:00,0.5306400060653687,0.5313000082969666,0.5299000144004822,0.5311800241470337,0.0,0.0,0.0,,,,,,
2025-05-22 04:00:00+00:00,0.5311999917030334,0.5321099758148193,0.5304499864578247,0.5319899916648865,0.0,0.0,0.0,,,,,,
2025-05-22 05:00:00+00:00,0.5319100022315979,0.5321499705314636,0.5309200286865234,0.5317999720573425,0.0,0.0,0.0,,,,,,
2025-05-22 06:00:00+00:00,0.5317599773406982,0.5318999886512756,0.5304399728775024,0.5315200090408325,0.0,0.0,0.0,,,,,,
2025-05-22 07:00:00+00:00,0.531499981880188,0.5320500135421753,0.530709981918335,0.5317599773406982,0.0,0.0,0.0,,,,,,
2025-05-22 08:00:00+00:00,0.5317100286483765,0.5327000021934509,0.5311400294303894,0.5318400263786316,0.0,0.0,0.0,,,,,,
2025-05-22 09:00:00+00:00,0.5318099856376648,0.5318400263786316,0.5300300121307373,0.5309200286865234,0.0,0.0,0.0,,,,,,
2025-05-22 10:00:00+00:00,0.5309100151062012,0.5310199856758118,0.5297399759292603,0.5305600166320801,0.0,0.0,0.0,,,,,,
2025-05-22 11:00:00+00:00,0.5305799841880798,0.5311400294303894,0.5296000242233276,0.5303300023078918,0.0,0.0,0.0,,,,,,
2025-05-22 12:00:00+00:00,0.5303400158882141,0.5313500165939331,0.5292699933052063,0.5312600135803223,0.0,0.0,0.0,,,,,,
2025-05-22 13:00:00+00:00,0.5312100052833557,0.5313900113105774,0.5297999978065491,0.531059980392456,0.0,0.0,0.0,,,,,,
2025-05-22 14:00:00+00:00,0.5310699939727783,0.5318400263786316,0.530269980430603,0.5316299796104431,0.0,0.0,0.0,,,,,,
2025-05-22 15:00:00+00:00,0.5316600203514099,0.5320000052452087,0.5304399728775024,0.5319700241088867,0.0,0.0,0.0,,,,,,
2025-05-22 16:00:00+00:00,0.5319799780845642,0.5321499705314636,0.5307700037956238,0.531499981880188,0.0,0.0,0.0,,,,,,
2025-05-22 17:00:00+00:00,0.5314900279045105,0.5323299765586853,0.530780017375946,0.5321199893951416,0.0,0.0,0.0,,,,,,
2025-05-22 18:00:00+00:00,0.5321199893951416,0.5321999788284302,0.5310900211334229,0.5317400097846985,0.0,0.0,0.0,,,,,,
2025-05-22 19:00:00+00:00,0.5317500233650208,0.5318400263786316,0.5301200151443481,0.5310400128364563,0.0,0.0,0.0,,,,,,
2025-05-22 20:00:00+00:00,0.531029999256134,0.5317299962043762,0.5300899744033813,0.5316799879074097,0.0,0.0,0.0,,,,,,
2025-05-22 21:00:00+00:00,0.5316500067710876,0.532289981842041,0.5302000045776367,0.5310099720954895,0.0,0.0,0.0,,,,,,
2025-05-22 22:00:00+00:00,0.5310199856758118,0.5313500165939331,0.530210018157959,0.5309000015258789,0.0,0.0,0.0,,,,,,
2025-05-22 23:00:00+00:00,0.5308700203895569,0.5310999751091003,0.5300700068473816,0.5308600068092346,0.0,0.0,0.0,,,,,,
2025-05-23 00:00:00+00:00,0.5308200120925903,0.531499981880188,0.5301899909973145,0.5313299894332886,0.0,0.0,0.0,,,,,,
2025-05-23 01:00:00+00:00,0.5313100218772888,0.5318499803543091,0.530489981174469,0.5314099788665771,0.0,0.0,0.0,,,,,,
2025-05-23 02:00:00+00:00,0.5314000248908997,0.5317999720573425,0.5306599736213684,0.5315600037574768,0.0,0.0,0.0,,,,,,
2025-05-23 03:00:00+00:00,0.5315499901771545,0.5322099924087524,0.5309100151062012,0.5318199992179871,0.0,0.0,0.0,,,,,,
2025-05-23 04:00:00+00:00,0.5317599773406982,0.5321499705314636,0.5309399962425232,0.531719982624054,0.0,0.0,0.0,,,,,,
2025-05-23 05:00:00+00:00,0.5317299962043762,0.5320000052452087,0.5309600234031677,0.5316900014877319,0.0,0.0,0.0,,,,,,
2025-05-23 06:00:00+00:00,0.5316699743270874,0.5318199992179871,0.5308099985122681,0.5316100120544434,0.0,0.0,0.0,,,,,,
2025-05-23 07:00:00+00:00,0.5315999984741211,0.5331699848175049,0.5309799909591675,0.5328500270843506,0.0,0.0,0.0,,,,,,
2025-05-23 08:00:00+00:00,0.5328400135040283,0.5333399772644043,0.5322399735450745,0.5331799983978271,0.0,0.0,0.0,,,,,,
2025-05-23 09:00:00+00:00,0.5332099795341492,0.5340999960899353,0.5323699712753296,0.5339499711990356,0.0,0.0,0.0,,,,,,
2025-05-23 10:00:00+00:00,0.5339400172233582,0.5341600179672241,0.5328999757766724,0.5339999794960022,0.0,0.0,0.0,,,,,,
2025-05-23 11:00:00+00:00,0.5340200066566467,0.5342299938201904,0.5287799835205078,0.5301300287246704,0.0,0.0,0.0,,,,,,
2025-05-23 12:00:00+00:00,0.5300999879837036,0.5317299962043762,0.5283100008964539,0.5316900014877319,0.0,0.0,0.0,,,,,,
2025-05-23 13:00:00+00:00,0.5316699743270874,0.5318400263786316,0.5301899909973145,0.5311700105667114,0.0,0.0,0.0,,,,,,
2025-05-23 14:00:00+00:00,0.5311800241470337,0.5326799750328064,0.5307000279426575,0.5315499901771545,0.0,0.0,0.0,,,,,,
2025-05-23 15:00:00+00:00,0.5315200090408325,0.532509982585907,0.5308700203895569,0.5319300293922424,0.0,0.0,0.0,,,,,,
2025-05-23 16:00:00+00:00,0.5318899750709534,0.532800018787384,0.531279981136322,0.5325400233268738,0.0,0.0,0.0,,,,,,
2025-05-23 17:00:00+00:00,0.5325000286102295,0.5335000157356262,0.531790018081665,0.53329998254776,0.0,0.0,0.0,,,,,,
2025-05-23 18:00:00+00:00,0.533270001411438,0.5334799885749817,0.5323500037193298,0.5331799983978271,0.0,0.0,0.0,,,,,,
2025-05-23 19:00:00+00:00,0.5331599712371826,0.5334100127220154,0.5323899984359741,0.5331299901008606,0.0,0.0,0.0,,,,,,
2025-05-23 20:00:00+00:00,0.533079981803894,0.5335999727249146,0.5321999788284302,0.532800018787384,0.0,0.0,0.0,,,,,,
2025-05-23 21:00:00+00:00,0.5327000021934509,0.5327000021934509,0.5326099991798401,0.5326099991798401,0.0,0.0,0.0,,,,,,
2025-05-25 23:00:00+00:00,0.5341100096702576,0.53507000207901,0.5334299802780151,0.5346999764442444,0.0,0.0,0.0,,,,,,
2025-05-26 00:00:00+00:00,0.5346099734306335,0.5349100232124329,0.5336800217628479,0.5344700217247009,0.0,0.0,0.0,,,,,,
2025-05-26 01:00:00+00:00,0.5345199704170227,0.5357400178909302,0.5336700081825256,0.5356299877166748,0.0,0.0,0.0,,,,,,
2025-05-26 02:00:00+00:00,0.5356000065803528,0.5357300043106079,0.5343300104141235,0.5349900126457214,0.0,0.0,0.0,,,,,,
2025-05-26 03:00:00+00:00,0.5349599719047546,0.5351300239562988,0.5341200232505798,0.5348899960517883,0.0,0.0,0.0,,,,,,
2025-05-26 04:00:00+00:00,0.5348600149154663,0.5351099967956543,0.5339099764823914,0.5349400043487549,0.0,0.0,0.0,,,,,,
2025-05-26 05:00:00+00:00,0.5349199771881104,0.5354800224304199,0.534250020980835,0.5350599884986877,0.0,0.0,0.0,,,,,,
2025-05-26 06:00:00+00:00,0.535040020942688,0.5356299877166748,0.5342100262641907,0.53507000207901,0.0,0.0,0.0,,,,,,
2025-05-26 07:00:00+00:00,0.535040020942688,0.5351600050926208,0.5335500240325928,0.5347800254821777,0.0,0.0,0.0,,,,,,
2025-05-26 08:00:00+00:00,0.5347300171852112,0.5352299809455872,0.534060001373291,0.5350099802017212,0.0,0.0,0.0,,,,,,
2025-05-26 09:00:00+00:00,0.5349799990653992,0.535099983215332,0.5333899855613708,0.5339199900627136,0.0,0.0,0.0,,,,,,
2025-05-26 10:00:00+00:00,0.5339099764823914,0.5347999930381775,0.5332499742507935,0.5346400141716003,0.0,0.0,0.0,,,,,,
2025-05-26 11:00:00+00:00,0.5346599817276001,0.5353500247001648,0.5338699817657471,0.5353299975395203,0.0,0.0,0.0,,,,,,
2025-05-26 12:00:00+00:00,0.5353299975395203,0.5355200171470642,0.5342400074005127,0.535040020942688,0.0,0.0,0.0,,,,,,
2025-05-26 13:00:00+00:00,0.5350300073623657,0.5353000164031982,0.5335100293159485,0.5339000225067139,0.0,0.0,0.0,,,,,,
2025-05-26 14:00:00+00:00,0.5338500142097473,0.5339599847793579,0.5323799848556519,0.5331000089645386,0.0,0.0,0.0,,,,,,
2025-05-26 15:00:00+00:00,0.533079981803894,0.53329998254776,0.5320900082588196,0.5328699946403503,0.0,0.0,0.0,,,,,,
2025-05-26 16:00:00+00:00,0.5328699946403503,0.5331000089645386,0.5316699743270874,0.5322700142860413,0.0,0.0,0.0,,,,,,
2025-05-26 17:00:00+00:00,0.532289981842041,0.5324199795722961,0.5315200090408325,0.5322200059890747,0.0,0.0,0.0,,,,,,
2025-05-26 18:00:00+00:00,0.5322200059890747,0.5323299765586853,0.5314000248908997,0.532039999961853,0.0,0.0,0.0,,,,,,
2025-05-26 19:00:00+00:00,0.5320600271224976,0.5322999954223633,0.5313400030136108,0.5322099924087524,0.0,0.0,0.0,,,,,,
2025-05-26 20:00:00+00:00,0.5321999788284302,0.5333999991416931,0.5315099954605103,0.5333999991416931,0.0,0.0,0.0,,,,,,
2025-05-26 21:00:00+00:00,0.5330100059509277,0.5330100059509277,0.5303000211715698,0.5321999788284302,0.0,0.0,0.0,,,,,,
2025-05-26 22:00:00+00:00,0.5321000218391418,0.5324599742889404,0.5310699939727783,0.5319399833679199,0.0,0.0,0.0,,,,,,
2025-05-26 23:00:00+00:00,0.5319600105285645,0.5320900082588196,0.5309900045394897,0.5315399765968323,0.0,0.0,0.0,,,,,,
2025-05-27 00:00:00+00:00,0.5315200090408325,0.5321999788284302,0.5306599736213684,0.5321499705314636,0.0,0.0,0.0,,,,,,
2025-05-27 01:00:00+00:00,0.5321400165557861,0.5321599841117859,0.5308499932289124,0.5315099954605103,0.0,0.0,0.0,,,,,,
2025-05-27 02:00:00+00:00,0.531499981880188,0.5315499901771545,0.5301499962806702,0.5314199924468994,0.0,0.0,0.0,,,,,,
2025-05-27 03:00:00+00:00,0.5314099788665771,0.5316699743270874,0.5303500294685364,0.5313500165939331,0.0,0.0,0.0,,,,,,
2025-05-27 04:00:00+00:00,0.5313500165939331,0.5318800210952759,0.5307899713516235,0.5316799879074097,0.0,0.0,0.0,,,,,,
2025-05-27 05:00:00+00:00,0.5316399931907654,0.5323399901390076,0.5304200053215027,0.5322099924087524,0.0,0.0,0.0,,,,,,
2025-05-27 06:00:00+00:00,0.5322099924087524,0.5327000021934509,0.5314199924468994,0.532069981098175,0.0,0.0,0.0,,,,,,
2025-05-27 07:00:00+00:00,0.532039999961853,0.5322999954223633,0.530780017375946,0.5318400263786316,0.0,0.0,0.0,,,,,,
2025-05-27 08:00:00+00:00,0.5318499803543091,0.5326499938964844,0.5311300158500671,0.5319499969482422,0.0,0.0,0.0,,,,,,
2025-05-27 09:00:00+00:00,0.5319700241088867,0.5329099893569946,0.5312700271606445,0.5327399969100952,0.0,0.0,0.0,,,,,,
2025-05-27 10:00:00+00:00,0.5327399969100952,0.5334399938583374,0.5318099856376648,0.5330299735069275,0.0,0.0,0.0,,,,,,
2025-05-27 11:00:00+00:00,0.53302001953125,0.5332900285720825,0.5321699976921082,0.5326600074768066,0.0,0.0,0.0,,,,,,
2025-05-27 12:00:00+00:00,0.5326399803161621,0.5331000089645386,0.5317500233650208,0.5326700210571289,0.0,0.0,0.0,,,,,,
2025-05-27 13:00:00+00:00,0.5327000021934509,0.5328199863433838,0.5314599871635437,0.5319300293922424,0.0,0.0,0.0,,,,,,
2025-05-27 14:00:00+00:00,0.5318700075149536,0.5328099727630615,0.5313900113105774,0.532509982585907,0.0,0.0,0.0,,,,,,
2025-05-27 15:00:00+00:00,0.5325400233268738,0.5330100059509277,0.5315899848937988,0.5327200293540955,0.0,0.0,0.0,,,,,,
2025-05-27 16:00:00+00:00,0.5327200293540955,0.5332000255584717,0.5315999984741211,0.5327799916267395,0.0,0.0,0.0,,,,,,
2025-05-27 17:00:00+00:00,0.5327900052070618,0.5331299901008606,0.5319100022315979,0.5330899953842163,0.0,0.0,0.0,,,,,,
2025-05-27 18:00:00+00:00,0.533079981803894,0.53329998254776,0.5321999788284302,0.5331599712371826,0.0,0.0,0.0,,,,,,
2025-05-27 19:00:00+00:00,0.5331799983978271,0.5333600044250488,0.5322800278663635,0.5330600142478943,0.0,0.0,0.0,,,,,,
2025-05-27 20:00:00+00:00,0.5330700278282166,0.5332000255584717,0.5322200059890747,0.5325700044631958,0.0,0.0,0.0,,,,,,
2025-05-27 21:00:00+00:00,0.5328400135040283,0.533519983291626,0.530460000038147,0.5324900150299072,0.0,0.0,0.0,,,,,,
2025-05-27 22:00:00+00:00,0.5325199961662292,0.5332000255584717,0.5321599841117859,0.5331000089645386,0.0,0.0,0.0,,,,,,
2025-05-27 23:00:00+00:00,0.5330600142478943,0.5333799719810486,0.532289981842041,0.53329998254776,0.0,0.0,0.0,,,,,,
2025-05-28 00:00:00+00:00,0.533270001411438,0.5335500240325928,0.5323799848556519,0.5333799719810486,0.0,0.0,0.0,,,,,,
2025-05-28 01:00:00+00:00,0.5333799719810486,0.5339300036430359,0.5314800143241882,0.5322099924087524,0.0,0.0,0.0,,,,,,
2025-05-28 02:00:00+00:00,0.5321599841117859,0.5335800051689148,0.5313400030136108,0.5333999991416931,0.0,0.0,0.0,,,,,,
2025-05-28 03:00:00+00:00,0.5333700180053711,0.5338000059127808,0.532480001449585,0.5335100293159485,0.0,0.0,0.0,,,,,,
2025-05-28 04:00:00+00:00,0.5334799885749817,0.5335299968719482,0.5316299796104431,0.5322399735450745,0.0,0.0,0.0,,,,,,
2025-05-28 05:00:00+00:00,0.5322499871253967,0.53302001953125,0.5315399765968323,0.5326399803161621,0.0,0.0,0.0,,,,,,
2025-05-28 06:00:00+00:00,0.5326300263404846,0.5329099893569946,0.531440019607544,0.5322700142860413,0.0,0.0,0.0,,,,,,
2025-05-28 07:00:00+00:00,0.5322999954223633,0.5324299931526184,0.5309900045394897,0.5318700075149536,0.0,0.0,0.0,,,,,,
2025-05-28 08:00:00+00:00,0.5318800210952759,0.5334299802780151,0.5312299728393555,0.5328599810600281,0.0,0.0,0.0,,,,,,
2025-05-28 09:00:00+00:00,0.5328699946403503,0.5331199765205383,0.5316500067710876,0.5327799916267395,0.0,0.0,0.0,,,,,,
2025-05-28 10:00:00+00:00,0.5327900052070618,0.5332499742507935,0.5319399833679199,0.5332000255584717,0.0,0.0,0.0,,,,,,
2025-05-28 11:00:00+00:00,0.5332199931144714,0.5333300232887268,0.5316399931907654,0.5324400067329407,0.0,0.0,0.0,,,,,,
2025-05-28 12:00:00+00:00,0.5324299931526184,0.5326399803161621,0.530460000038147,0.531279981136322,0.0,0.0,0.0,,,,,,
2025-05-28 13:00:00+00:00,0.5312600135803223,0.531499981880188,0.5300099849700928,0.5308200120925903,0.0,0.0,0.0,,,,,,
2025-05-28 14:00:00+00:00,0.5308099985122681,0.5311499834060669,0.5289700031280518,0.5306599736213684,0.0,0.0,0.0,,,,,,
2025-05-28 15:00:00+00:00,0.5307000279426575,0.5311400294303894,0.5299199819564819,0.5310199856758118,0.0,0.0,0.0,,,,,,
2025-05-28 16:00:00+00:00,0.5310099720954895,0.531499981880188,0.5303500294685364,0.5309900045394897,0.0,0.0,0.0,,,,,,
2025-05-28 17:00:00+00:00,0.5310400128364563,0.5316100120544434,0.5303300023078918,0.5312299728393555,0.0,0.0,0.0,,,,,,
2025-05-28 18:00:00+00:00,0.5311999917030334,0.5315600037574768,0.530430018901825,0.5313199758529663,0.0,0.0,0.0,,,,,,
2025-05-28 19:00:00+00:00,0.5313100218772888,0.5316299796104431,0.5305500030517578,0.5313500165939331,0.0,0.0,0.0,,,,,,
2025-05-28 20:00:00+00:00,0.5313500165939331,0.5316900014877319,0.5305399894714355,0.5315700173377991,0.0,0.0,0.0,,,,,,
2025-05-28 21:00:00+00:00,0.5304499864578247,0.5318700075149536,0.5288000106811523,0.5306000113487244,0.0,0.0,0.0,,,,,,
2025-05-28 22:00:00+00:00,0.531029999256134,0.5324599742889404,0.5307000279426575,0.5323699712753296,0.0,0.0,0.0,,,,,,
2025-05-28 23:00:00+00:00,0.5322200059890747,0.5357900261878967,0.5315399765968323,0.5347599983215332,0.0,0.0,0.0,,,,,,
2025-05-29 00:00:00+00:00,0.5347200036048889,0.5354999899864197,0.5338900089263916,0.5353000164031982,0.0,0.0,0.0,,,,,,
2025-05-29 01:00:00+00:00,0.5352799892425537,0.5355499982833862,0.5332099795341492,0.5343599915504456,0.0,0.0,0.0,,,,,,
2025-05-29 02:00:00+00:00,0.5343400239944458,0.5345799922943115,0.5329599976539612,0.5344499945640564,0.0,0.0,0.0,,,,,,
2025-05-29 03:00:00+00:00,0.5344099998474121,0.5346999764442444,0.5333899855613708,0.5346400141716003,0.0,0.0,0.0,,,,,,
2025-05-29 04:00:00+00:00,0.5346099734306335,0.5351999998092651,0.5337899923324585,0.5350900292396545,0.0,0.0,0.0,,,,,,
2025-05-29 05:00:00+00:00,0.535040020942688,0.5351999998092651,0.5339499711990356,0.5348399877548218,0.0,0.0,0.0,,,,,,
2025-05-29 06:00:00+00:00,0.5348799824714661,0.5353299975395203,0.5336999893188477,0.534529983997345,0.0,0.0,0.0,,,,,,
2025-05-29 07:00:00+00:00,0.5344799757003784,0.5351499915122986,0.5333700180053711,0.5350499749183655,0.0,0.0,0.0,,,,,,
2025-05-29 08:00:00+00:00,0.5350599884986877,0.5351499915122986,0.5335000157356262,0.534060001373291,0.0,0.0,0.0,,,,,,
2025-05-29 09:00:00+00:00,0.5340499877929688,0.5345500111579895,0.5330899953842163,0.5342699885368347,0.0,0.0,0.0,,,,,,
2025-05-29 10:00:00+00:00,0.5342299938201904,0.5343199968338013,0.5325000286102295,0.53329998254776,0.0,0.0,0.0,,,,,,
2025-05-29 11:00:00+00:00,0.533270001411438,0.5333999991416931,0.5319600105285645,0.5329999923706055,0.0,0.0,0.0,,,,,,
2025-05-29 12:00:00+00:00,0.5329499840736389,0.5332599878311157,0.5315499901771545,0.5322099924087524,0.0,0.0,0.0,,,,,,
2025-05-29 13:00:00+00:00,0.5321999788284302,0.5322099924087524,0.5300099849700928,0.5303999781608582,0.0,0.0,0.0,,,,,,
2025-05-29 14:00:00+00:00,0.5303400158882141,0.5314000248908997,0.5295500159263611,0.5311200022697449,0.0,0.0,0.0,,,,,,
2025-05-29 15:00:00+00:00,0.5311599969863892,0.5313599705696106,0.5294100046157837,0.5299800038337708,0.0,0.0,0.0,,,,,,
2025-05-29 16:00:00+00:00,0.5299699902534485,0.5309000015258789,0.5292199850082397,0.5306800007820129,0.0,0.0,0.0,,,,,,
2025-05-29 17:00:00+00:00,0.5306800007820129,0.531000018119812,0.5295000076293945,0.5302000045776367,0.0,0.0,0.0,,,,,,
2025-05-29 18:00:00+00:00,0.5301700234413147,0.5306000113487244,0.5293999910354614,0.5303900241851807,0.0,0.0,0.0,,,,,,
2025-05-29 19:00:00+00:00,0.5304099917411804,0.5307199954986572,0.5296099781990051,0.5306599736213684,0.0,0.0,0.0,,,,,,
2025-05-29 20:00:00+00:00,0.5306199789047241,0.5307499766349792,0.5293499827384949,0.5299000144004822,0.0,0.0,0.0,,,,,,
2025-05-29 21:00:00+00:00,0.5299000144004822,0.530430018901825,0.5278000235557556,0.5293300151824951,0.0,0.0,0.0,,,,,,
2025-05-29 22:00:00+00:00,0.529259979724884,0.5302799940109253,0.5291600227355957,0.5299199819564819,0.0,0.0,0.0,,,,,,
2025-05-29 23:00:00+00:00,0.5298399925231934,0.5301200151443481,0.5289899706840515,0.5296599864959717,0.0,0.0,0.0,,,,,,
2025-05-30 00:00:00+00:00,0.529670000076294,0.5303999781608582,0.5283300280570984,0.5297899842262268,0.0,0.0,0.0,,,,,,
2025-05-30 01:00:00+00:00,0.5298399925231934,0.5301200151443481,0.5275999903678894,0.5286200046539307,0.0,0.0,0.0,,,,,,
2025-05-30 02:00:00+00:00,0.5286700129508972,0.5289999842643738,0.5278099775314331,0.5289599895477295,0.0,0.0,0.0,,,,,,
2025-05-30 03:00:00+00:00,0.5289599895477295,0.5292400121688843,0.5280699729919434,0.5288900136947632,0.0,0.0,0.0,,,,,,
2025-05-30 04:00:00+00:00,0.5289300084114075,0.52920001745224,0.5280799865722656,0.5290799736976624,0.0,0.0,0.0,,,,,,
2025-05-30 05:00:00+00:00,0.5291200280189514,0.5302000045776367,0.5284799933433533,0.5294600129127502,0.0,0.0,0.0,,,,,,
2025-05-30 06:00:00+00:00,0.5294600129127502,0.5299199819564819,0.5281100273132324,0.5287899971008301,0.0,0.0,0.0,,,,,,
2025-05-30 07:00:00+00:00,0.5288000106811523,0.52920001745224,0.5276700258255005,0.5287799835205078,0.0,0.0,0.0,,,,,,
2025-05-30 08:00:00+00:00,0.5287899971008301,0.5290300250053406,0.527899980545044,0.5285000205039978,0.0,0.0,0.0,,,,,,
2025-05-30 09:00:00+00:00,0.5284900069236755,0.5289000272750854,0.5273699760437012,0.5287200212478638,0.0,0.0,0.0,,,,,,
2025-05-30 10:00:00+00:00,0.5287500023841858,0.5296000242233276,0.527970016002655,0.5292999744415283,0.0,0.0,0.0,,,,,,
2025-05-30 11:00:00+00:00,0.5293200016021729,0.5295500159263611,0.5282999873161316,0.5290700197219849,0.0,0.0,0.0,,,,,,
2025-05-30 12:00:00+00:00,0.5291000008583069,0.529420018196106,0.5268999934196472,0.5282700061798096,0.0,0.0,0.0,,,,,,
2025-05-30 13:00:00+00:00,0.528249979019165,0.5286300182342529,0.5272200107574463,0.5279399752616882,0.0,0.0,0.0,,,,,,
2025-05-30 14:00:00+00:00,0.527999997138977,0.5298500061035156,0.5273299813270569,0.5285900235176086,0.0,0.0,0.0,,,,,,
2025-05-30 15:00:00+00:00,0.5285999774932861,0.5296499729156494,0.5280799865722656,0.5293899774551392,0.0,0.0,0.0,,,,,,
2025-05-30 16:00:00+00:00,0.5293599963188171,0.529699981212616,0.5272799730300903,0.528219997882843,0.0,0.0,0.0,,,,,,
2025-05-30 17:00:00+00:00,0.5281800031661987,0.5290200114250183,0.5275499820709229,0.5288400053977966,0.0,0.0,0.0,,,,,,
2025-05-30 18:00:00+00:00,0.5288500189781189,0.5297399759292603,0.528219997882843,0.5296900272369385,0.0,0.0,0.0,,,,,,
2025-05-30 19:00:00+00:00,0.5296800136566162,0.5303500294685364,0.5290399789810181,0.5301100015640259,0.0,0.0,0.0,,,,,,
2025-05-30 20:00:00+00:00,0.5300599932670593,0.5304999947547913,0.527999997138977,0.5288500189781189,0.0,0.0,0.0,,,,,,
2025-05-30 21:00:00+00:00,0.5274999737739563,0.5282700061798096,0.5274999737739563,0.5282700061798096,0.0,0.0,0.0,,,,,,
2025-05-31 00:00:00+00:00,0.52749997,0.52827001,0.52749997,0.52827001,0.0,,,,,,,,
2025-06-01 23:00:00+00:00,0.5297999978065491,0.5301499962806702,0.5290700197219849,0.5297600030899048,0.0,0.0,0.0,,,,,,
2025-06-02 00:00:00+00:00,0.5297399759292603,0.5305399894714355,0.5291000008583069,0.530460000038147,0.0,0.0,0.0,,,,,,
2025-06-02 01:00:00+00:00,0.530460000038147,0.5315999984741211,0.5297600030899048,0.5305299758911133,0.0,0.0,0.0,,,,,,
2025-06-02 02:00:00+00:00,0.5306000113487244,0.5315300226211548,0.5298900008201599,0.5309799909591675,0.0,0.0,0.0,,,,,,
2025-06-02 03:00:00+00:00,0.5309900045394897,0.5310999751091003,0.5296300053596497,0.5305100083351135,0.0,0.0,0.0,,,,,,
2025-06-02 04:00:00+00:00,0.5304999947547913,0.531000018119812,0.5296599864959717,0.5308300256729126,0.0,0.0,0.0,,,,,,
2025-06-02 05:00:00+00:00,0.5308799743652344,0.531000018119812,0.5293300151824951,0.529990017414093,0.0,0.0,0.0,,,,,,
2025-06-02 06:00:00+00:00,0.529990017414093,0.5305299758911133,0.52920001745224,0.5303199887275696,0.0,0.0,0.0,,,,,,
2025-06-02 07:00:00+00:00,0.5303000211715698,0.5313000082969666,0.5294700264930725,0.5301200151443481,0.0,0.0,0.0,,,,,,
2025-06-02 08:00:00+00:00,0.5301399827003479,0.5307000279426575,0.5290399789810181,0.5296400189399719,0.0,0.0,0.0,,,,,,
2025-06-02 09:00:00+00:00,0.529670000076294,0.529699981212616,0.528219997882843,0.5295600295066833,0.0,0.0,0.0,,,,,,
2025-06-02 10:00:00+00:00,0.5295600295066833,0.530430018901825,0.5287299752235413,0.5303599834442139,0.0,0.0,0.0,,,,,,
2025-06-02 11:00:00+00:00,0.5303500294685364,0.5306000113487244,0.5290799736976624,0.5299100279808044,0.0,0.0,0.0,,,,,,
2025-06-02 12:00:00+00:00,0.5299100279808044,0.5307999849319458,0.5294100046157837,0.5307199954986572,0.0,0.0,0.0,,,,,,
2025-06-02 13:00:00+00:00,0.5307499766349792,0.5309000015258789,0.5287200212478638,0.5297499895095825,0.0,0.0,0.0,,,,,,
2025-06-02 14:00:00+00:00,0.5298200249671936,0.5310199856758118,0.5281199812889099,0.5306000113487244,0.0,0.0,0.0,,,,,,
2025-06-02 15:00:00+00:00,0.5305600166320801,0.5311800241470337,0.5296800136566162,0.5306800007820129,0.0,0.0,0.0,,,,,,
2025-06-02 16:00:00+00:00,0.5306800007820129,0.5307499766349792,0.5295400023460388,0.5305299758911133,0.0,0.0,0.0,,,,,,
2025-06-02 17:00:00+00:00,0.5305699706077576,0.5306699872016907,0.5296199917793274,0.5304499864578247,0.0,0.0,0.0,,,,,,
2025-06-02 18:00:00+00:00,0.5303999781608582,0.5305500030517578,0.5294899940490723,0.5303699970245361,0.0,0.0,0.0,,,,,,
2025-06-02 19:00:00+00:00,0.5303300023078918,0.5307000279426575,0.5296199917793274,0.5305399894714355,0.0,0.0,0.0,,,,,,
2025-06-02 20:00:00+00:00,0.5305500030517578,0.5311999917030334,0.5299100279808044,0.5311400294303894,0.0,0.0,0.0,,,,,,
2025-06-02 21:00:00+00:00,0.5303900241851807,0.5313900113105774,0.5289499759674072,0.5297999978065491,0.0,0.0,0.0,,,,,,
2025-06-02 22:00:00+00:00,0.5300300121307373,0.5304999947547913,0.529449999332428,0.5301799774169922,0.0,0.0,0.0,,,,,,
2025-06-02 23:00:00+00:00,0.5301399827003479,0.530430018901825,0.5292999744415283,0.5302299857139587,0.0,0.0,0.0,,,,,,
2025-06-03 00:00:00+00:00,0.5302199721336365,0.5306000113487244,0.5291600227355957,0.5304399728775024,0.0,0.0,0.0,,,,,,
2025-06-03 01:00:00+00:00,0.5304499864578247,0.5307599902153015,0.5293200016021729,0.5301899909973145,0.0,0.0,0.0,,,,,,
2025-06-03 02:00:00+00:00,0.5301700234413147,0.5303400158882141,0.5286099910736084,0.52920001745224,0.0,0.0,0.0,,,,,,
2025-06-03 03:00:00+00:00,0.5291500091552734,0.5296000242233276,0.5284299850463867,0.5292400121688843,0.0,0.0,0.0,,,,,,
2025-06-03 04:00:00+00:00,0.5291699767112732,0.5293099880218506,0.5281400084495544,0.5288400053977966,0.0,0.0,0.0,,,,,,
2025-06-03 05:00:00+00:00,0.5288199782371521,0.5290300250053406,0.5273200273513794,0.5285999774932861,0.0,0.0,0.0,,,,,,
2025-06-03 06:00:00+00:00,0.5285900235176086,0.5288500189781189,0.5269200205802917,0.5287799835205078,0.0,0.0,0.0,,,,,,
2025-06-03 07:00:00+00:00,0.5288100242614746,0.5289099812507629,0.5267599821090698,0.5281699895858765,0.0,0.0,0.0,,,,,,
2025-06-03 08:00:00+00:00,0.5281599760055542,0.5289000272750854,0.5271300077438354,0.5285900235176086,0.0,0.0,0.0,,,,,,
2025-06-03 09:00:00+00:00,0.5285300016403198,0.5289999842643738,0.5279099941253662,0.528689980506897,0.0,0.0,0.0,,,,,,
2025-06-03 10:00:00+00:00,0.528659999370575,0.529699981212616,0.5280100107192993,0.5295600295066833,0.0,0.0,0.0,,,,,,
2025-06-03 11:00:00+00:00,0.5295500159263611,0.5304200053215027,0.5288199782371521,0.5301799774169922,0.0,0.0,0.0,,,,,,
2025-06-03 12:00:00+00:00,0.5301700234413147,0.5312100052833557,0.5295500159263611,0.531029999256134,0.0,0.0,0.0,,,,,,
2025-06-03 13:00:00+00:00,0.531059980392456,0.5316200256347656,0.5299800038337708,0.5311800241470337,0.0,0.0,0.0,,,,,,
2025-06-03 14:00:00+00:00,0.5311899781227112,0.5328199863433838,0.5308700203895569,0.5323799848556519,0.0,0.0,0.0,,,,,,
2025-06-03 15:00:00+00:00,0.5323500037193298,0.5327000021934509,0.5313699841499329,0.5325199961662292,0.0,0.0,0.0,,,,,,
2025-06-03 16:00:00+00:00,0.532509982585907,0.5325999855995178,0.5313299894332886,0.5321499705314636,0.0,0.0,0.0,,,,,,
2025-06-03 17:00:00+00:00,0.5321599841117859,0.5328999757766724,0.5315300226211548,0.5325700044631958,0.0,0.0,0.0,,,,,,
2025-06-03 18:00:00+00:00,0.5325899720191956,0.532800018787384,0.5315200090408325,0.5327799916267395,0.0,0.0,0.0,,,,,,
2025-06-03 19:00:00+00:00,0.532729983329773,0.5328199863433838,0.5318899750709534,0.5327000021934509,0.0,0.0,0.0,,,,,,
2025-06-03 20:00:00+00:00,0.5326799750328064,0.5328500270843506,0.5317699909210205,0.5317699909210205,0.0,0.0,0.0,,,,,,
2025-06-03 21:00:00+00:00,0.5314900279045105,0.5325599908828735,0.5298699736595154,0.5318800210952759,0.0,0.0,0.0,,,,,,
2025-06-03 22:00:00+00:00,0.5321699976921082,0.5327399969100952,0.5316600203514099,0.5323399901390076,0.0,0.0,0.0,,,,,,
2025-06-03 23:00:00+00:00,0.5323399901390076,0.5324000120162964,0.531279981136322,0.5319600105285645,0.0,0.0,0.0,,,,,,
2025-06-04 00:00:00+00:00,0.5319600105285645,0.5321800112724304,0.5308899879455566,0.5319600105285645,0.0,0.0,0.0,,,,,,
2025-06-04 01:00:00+00:00,0.5319300293922424,0.532800018787384,0.5307599902153015,0.5326600074768066,0.0,0.0,0.0,,,,,,
2025-06-04 02:00:00+00:00,0.5326899886131287,0.5332000255584717,0.5315099954605103,0.5321499705314636,0.0,0.0,0.0,,,,,,
2025-06-04 03:00:00+00:00,0.5321499705314636,0.532800018787384,0.5313100218772888,0.5327200293540955,0.0,0.0,0.0,,,,,,
2025-06-04 04:00:00+00:00,0.532729983329773,0.532800018787384,0.5314599871635437,0.5321900248527527,0.0,0.0,0.0,,,,,,
2025-06-04 05:00:00+00:00,0.5321400165557861,0.5325000286102295,0.5313299894332886,0.5320500135421753,0.0,0.0,0.0,,,,,,
2025-06-04 06:00:00+00:00,0.5320500135421753,0.5322999954223633,0.5310500264167786,0.5318599939346313,0.0,0.0,0.0,,,,,,
2025-06-04 07:00:00+00:00,0.5318400263786316,0.5325300097465515,0.5310500264167786,0.5319200158119202,0.0,0.0,0.0,,,,,,
2025-06-04 08:00:00+00:00,0.5318800210952759,0.5324400067329407,0.531279981136322,0.532289981842041,0.0,0.0,0.0,,,,,,
2025-06-04 09:00:00+00:00,0.532260000705719,0.5335000157356262,0.531719982624054,0.5333600044250488,0.0,0.0,0.0,,,,,,
2025-06-04 10:00:00+00:00,0.5333799719810486,0.5338000059127808,0.532509982585907,0.5334600210189819,0.0,0.0,0.0,,,,,,
2025-06-04 11:00:00+00:00,0.533490002155304,0.5342400074005127,0.5324000120162964,0.5339400172233582,0.0,0.0,0.0,,,,,,
2025-06-04 12:00:00+00:00,0.5339400172233582,0.5341200232505798,0.5321300029754639,0.5331100225448608,0.0,0.0,0.0,,,,,,
2025-06-04 13:00:00+00:00,0.5330899953842163,0.5336999893188477,0.5323699712753296,0.5329599976539612,0.0,0.0,0.0,,,,,,
2025-06-04 14:00:00+00:00,0.5331100225448608,0.5331400036811829,0.5309600234031677,0.5319200158119202,0.0,0.0,0.0,,,,,,
2025-06-04 15:00:00+00:00,0.5319100022315979,0.5321999788284302,0.5303800106048584,0.5316900014877319,0.0,0.0,0.0,,,,,,
2025-06-04 16:00:00+00:00,0.5316600203514099,0.5317000150680542,0.5303800106048584,0.5313400030136108,0.0,0.0,0.0,,,,,,
2025-06-04 17:00:00+00:00,0.5313299894332886,0.5317299962043762,0.5306500196456909,0.531719982624054,0.0,0.0,0.0,,,,,,
2025-06-04 18:00:00+00:00,0.531719982624054,0.5317999720573425,0.5306599736213684,0.5313599705696106,0.0,0.0,0.0,,,,,,
2025-06-04 19:00:00+00:00,0.5313799977302551,0.5319399833679199,0.5306500196456909,0.5315399765968323,0.0,0.0,0.0,,,,,,
2025-06-04 20:00:00+00:00,0.5315200090408325,0.5316299796104431,0.5305299758911133,0.5307400226593018,0.0,0.0,0.0,,,,,,
2025-06-04 21:00:00+00:00,0.5304099917411804,0.5314499735832214,0.5289999842643738,0.5305500030517578,0.0,0.0,0.0,,,,,,
2025-06-04 22:00:00+00:00,0.5306699872016907,0.531499981880188,0.5304099917411804,0.5311400294303894,0.0,0.0,0.0,,,,,,
2025-06-04 23:00:00+00:00,0.5310699939727783,0.5314000248908997,0.5301200151443481,0.5309399962425232,0.0,0.0,0.0,,,,,,
2025-06-05 00:00:00+00:00,0.5308899879455566,0.5319499969482422,0.5303599834442139,0.5315499901771545,0.0,0.0,0.0,,,,,,
2025-06-05 01:00:00+00:00,0.5315200090408325,0.5322499871253967,0.5310699939727783,0.532039999961853,0.0,0.0,0.0,,,,,,
2025-06-05 02:00:00+00:00,0.5320199728012085,0.5321300029754639,0.5307300090789795,0.5316699743270874,0.0,0.0,0.0,,,,,,
2025-06-05 03:00:00+00:00,0.5316600203514099,0.5317999720573425,0.5306400060653687,0.531499981880188,0.0,0.0,0.0,,,,,,
2025-06-05 04:00:00+00:00,0.531470000743866,0.5318099856376648,0.5306500196456909,0.531790018081665,0.0,0.0,0.0,,,,,,
2025-06-05 05:00:00+00:00,0.5317999720573425,0.5321000218391418,0.5308300256729126,0.5316600203514099,0.0,0.0,0.0,,,,,,
2025-06-05 06:00:00+00:00,0.531719982624054,0.5323399901390076,0.5308700203895569,0.5321499705314636,0.0,0.0,0.0,,,,,,
2025-06-05 07:00:00+00:00,0.5321300029754639,0.5333499908447266,0.5315999984741211,0.5331500172615051,0.0,0.0,0.0,,,,,,
2025-06-05 08:00:00+00:00,0.5331500172615051,0.5336999893188477,0.5321800112724304,0.5336400270462036,0.0,0.0,0.0,,,,,,
2025-06-05 09:00:00+00:00,0.5336199998855591,0.5341399908065796,0.5328400135040283,0.5336300134658813,0.0,0.0,0.0,,,,,,
2025-06-05 10:00:00+00:00,0.5336199998855591,0.533840000629425,0.5325700044631958,0.5332800149917603,0.0,0.0,0.0,,,,,,
2025-06-05 11:00:00+00:00,0.533270001411438,0.5338000059127808,0.5325400233268738,0.5333899855613708,0.0,0.0,0.0,,,,,,
2025-06-05 12:00:00+00:00,0.5333799719810486,0.5354400277137756,0.5325400233268738,0.534600019454956,0.0,0.0,0.0,,,,,,
2025-06-05 13:00:00+00:00,0.5346500277519226,0.5350099802017212,0.5327200293540955,0.5334299802780151,0.0,0.0,0.0,,,,,,
2025-06-05 14:00:00+00:00,0.5334500074386597,0.5353900194168091,0.5323299765586853,0.5348299741744995,0.0,0.0,0.0,,,,,,
2025-06-05 15:00:00+00:00,0.5347899794578552,0.5351099967956543,0.5338600277900696,0.5349199771881104,0.0,0.0,0.0,,,,,,
2025-06-05 16:00:00+00:00,0.5349299907684326,0.5351999998092651,0.5328199863433838,0.5335599780082703,0.0,0.0,0.0,,,,,,
2025-06-05 17:00:00+00:00,0.5335699915885925,0.5348100066184998,0.5329200029373169,0.5343499779701233,0.0,0.0,0.0,,,,,,
2025-06-05 18:00:00+00:00,0.5343300104141235,0.5344200134277344,0.5331799983978271,0.5340800285339355,0.0,0.0,0.0,,,,,,
2025-06-05 19:00:00+00:00,0.5340999960899353,0.5343300104141235,0.5326099991798401,0.5337100028991699,0.0,0.0,0.0,,,,,,
2025-06-05 20:00:00+00:00,0.5336999893188477,0.5337299704551697,0.5325199961662292,0.5327100157737732,0.0,0.0,0.0,,,,,,
2025-06-05 21:00:00+00:00,0.5322700142860413,0.5344700217247009,0.5310999751091003,0.5324000120162964,0.0,0.0,0.0,,,,,,
2025-06-05 22:00:00+00:00,0.5326700210571289,0.5333300232887268,0.5321499705314636,0.5332499742507935,0.0,0.0,0.0,,,,,,
2025-06-05 23:00:00+00:00,0.5332900285720825,0.5335999727249146,0.5325199961662292,0.5333600044250488,0.0,0.0,0.0,,,,,,
2025-06-06 00:00:00+00:00,0.5333399772644043,0.5342199802398682,0.5329899787902832,0.5338900089263916,0.0,0.0,0.0,,,,,,
2025-06-06 01:00:00+00:00,0.5338299870491028,0.5342100262641907,0.5328400135040283,0.5335000157356262,0.0,0.0,0.0,,,,,,
2025-06-06 02:00:00+00:00,0.533490002155304,0.5335299968719482,0.5321900248527527,0.5329200029373169,0.0,0.0,0.0,,,,,,
2025-06-06 03:00:00+00:00,0.5329399704933167,0.5332000255584717,0.5321400165557861,0.5331299901008606,0.0,0.0,0.0,,,,,,
2025-06-06 04:00:00+00:00,0.5331199765205383,0.5335500240325928,0.532480001449585,0.533490002155304,0.0,0.0,0.0,,,,,,
2025-06-06 05:00:00+00:00,0.5334799885749817,0.5336400270462036,0.5326200127601624,0.5334699749946594,0.0,0.0,0.0,,,,,,
2025-06-06 06:00:00+00:00,0.5334399938583374,0.5339400172233582,0.5324000120162964,0.5336300134658813,0.0,0.0,0.0,,,,,,
2025-06-06 07:00:00+00:00,0.5336199998855591,0.5339199900627136,0.5325700044631958,0.5333700180053711,0.0,0.0,0.0,,,,,,
2025-06-06 08:00:00+00:00,0.5333999991416931,0.5334500074386597,0.5322099924087524,0.5333899855613708,0.0,0.0,0.0,,,,,,
2025-06-06 09:00:00+00:00,0.5334299802780151,0.5336499810218811,0.5323799848556519,0.53302001953125,0.0,0.0,0.0,,,,,,
2025-06-06 10:00:00+00:00,0.5330100059509277,0.5333999991416931,0.5322499871253967,0.5332800149917603,0.0,0.0,0.0,,,,,,
2025-06-06 11:00:00+00:00,0.5332900285720825,0.533810019493103,0.5326099991798401,0.5336499810218811,0.0,0.0,0.0,,,,,,
2025-06-06 12:00:00+00:00,0.5336099863052368,0.5350099802017212,0.5325999855995178,0.5347599983215332,0.0,0.0,0.0,,,,,,
2025-06-06 13:00:00+00:00,0.5347599983215332,0.53507000207901,0.5336800217628479,0.5347300171852112,0.0,0.0,0.0,,,,,,
2025-06-06 14:00:00+00:00,0.5347399711608887,0.5349799990653992,0.5333499908447266,0.5339900255203247,0.0,0.0,0.0,,,,,,
2025-06-06 15:00:00+00:00,0.5339699983596802,0.5346999764442444,0.5332300066947937,0.5339099764823914,0.0,0.0,0.0,,,,,,
2025-06-06 16:00:00+00:00,0.5339099764823914,0.534250020980835,0.5331000089645386,0.5340499877929688,0.0,0.0,0.0,,,,,,
2025-06-06 17:00:00+00:00,0.5340200066566467,0.534280002117157,0.5332900285720825,0.5340200066566467,0.0,0.0,0.0,,,,,,
2025-06-06 18:00:00+00:00,0.5339900255203247,0.5342299938201904,0.5330899953842163,0.5341200232505798,0.0,0.0,0.0,,,,,,
2025-06-06 19:00:00+00:00,0.5340999960899353,0.5342000126838684,0.5332000255584717,0.5338600277900696,0.0,0.0,0.0,,,,,,
2025-06-06 20:00:00+00:00,0.5338000059127808,0.5343999862670898,0.5330600142478943,0.5336999893188477,0.0,0.0,0.0,,,,,,
2025-06-06 21:00:00+00:00,0.5333200097084045,0.5333200097084045,0.5321000218391418,0.5329899787902832,0.0,0.0,0.0,,,,,,
2025-06-07 00:00:00+00:00,0.53332001,0.53332001,0.53210002,0.53298998,0.0,,,,,,,,
2025-06-08 23:00:00+00:00,0.5336800217628479,0.5338299870491028,0.5328699946403503,0.5337600111961365,0.0,0.0,0.0,,,,,,
2025-06-09 00:00:00+00:00,0.5337399840354919,0.5347599983215332,0.53302001953125,0.5345100164413452,0.0,0.0,0.0,,,,,,
2025-06-09 01:00:00+00:00,0.5344899892807007,0.5349199771881104,0.5338699817657471,0.5347300171852112,0.0,0.0,0.0,,,,,,
2025-06-09 02:00:00+00:00,0.5347300171852112,0.5349000096321106,0.5336300134658813,0.5344399809837341,0.0,0.0,0.0,,,,,,
2025-06-09 03:00:00+00:00,0.5344399809837341,0.5349500179290771,0.5337200164794922,0.5347200036048889,0.0,0.0,0.0,,,,,,
2025-06-09 04:00:00+00:00,0.5346999764442444,0.5347999930381775,0.5338600277900696,0.5346900224685669,0.0,0.0,0.0,,,,,,
2025-06-09 05:00:00+00:00,0.5346999764442444,0.5351999998092651,0.5336599946022034,0.5345199704170227,0.0,0.0,0.0,,,,,,
2025-06-09 06:00:00+00:00,0.534500002861023,0.5348100066184998,0.5336099863052368,0.5346300005912781,0.0,0.0,0.0,,,,,,
2025-06-09 07:00:00+00:00,0.5346500277519226,0.5349199771881104,0.533519983291626,0.5344200134277344,0.0,0.0,0.0,,,,,,
2025-06-09 08:00:00+00:00,0.5344300270080566,0.5354099869728088,0.5337399840354919,0.5353000164031982,0.0,0.0,0.0,,,,,,
2025-06-09 09:00:00+00:00,0.5352699756622314,0.5354999899864197,0.5343499779701233,0.5354300141334534,0.0,0.0,0.0,,,,,,
2025-06-09 10:00:00+00:00,0.5354200005531311,0.5356299877166748,0.5345500111579895,0.535319983959198,0.0,0.0,0.0,,,,,,
2025-06-09 11:00:00+00:00,0.5353000164031982,0.5357000231742859,0.5344200134277344,0.5351200103759766,0.0,0.0,0.0,,,,,,
2025-06-09 12:00:00+00:00,0.535099983215332,0.5354099869728088,0.5341600179672241,0.535319983959198,0.0,0.0,0.0,,,,,,
2025-06-09 13:00:00+00:00,0.5353099703788757,0.5353999733924866,0.5339800119400024,0.5346999764442444,0.0,0.0,0.0,,,,,,
2025-06-09 14:00:00+00:00,0.5346999764442444,0.5357699990272522,0.5343999862670898,0.5355899930000305,0.0,0.0,0.0,,,,,,
2025-06-09 15:00:00+00:00,0.5355899930000305,0.5356400012969971,0.5346099734306335,0.5353400111198425,0.0,0.0,0.0,,,,,,
2025-06-09 16:00:00+00:00,0.535319983959198,0.5357199907302856,0.5346400141716003,0.5354599952697754,0.0,0.0,0.0,,,,,,
2025-06-09 17:00:00+00:00,0.5354400277137756,0.5356500148773193,0.5346900224685669,0.5355200171470642,0.0,0.0,0.0,,,,,,
2025-06-09 18:00:00+00:00,0.5354999899864197,0.5358999967575073,0.5348299741744995,0.5358700156211853,0.0,0.0,0.0,,,,,,
2025-06-09 19:00:00+00:00,0.5358700156211853,0.5358899831771851,0.5347800254821777,0.5355100035667419,0.0,0.0,0.0,,,,,,
2025-06-09 20:00:00+00:00,0.5354999899864197,0.5355299711227417,0.5344700217247009,0.5348799824714661,0.0,0.0,0.0,,,,,,
2025-06-09 21:00:00+00:00,0.5347599983215332,0.5357400178909302,0.534250020980835,0.5350499749183655,0.0,0.0,0.0,,,,,,
2025-06-09 22:00:00+00:00,0.5348100066184998,0.5354999899864197,0.5339300036430359,0.5353000164031982,0.0,0.0,0.0,,,,,,
2025-06-09 23:00:00+00:00,0.5354099869728088,0.5354200005531311,0.5344899892807007,0.5351999998092651,0.0,0.0,0.0,,,,,,
2025-06-10 00:00:00+00:00,0.5351600050926208,0.535539984703064,0.5345500111579895,0.5353299975395203,0.0,0.0,0.0,,,,,,
2025-06-10 01:00:00+00:00,0.5353500247001648,0.5363399982452393,0.5347899794578552,0.5361700057983398,0.0,0.0,0.0,,,,,,
2025-06-10 02:00:00+00:00,0.5361599922180176,0.5364999771118164,0.535040020942688,0.5364099740982056,0.0,0.0,0.0,,,,,,
2025-06-10 03:00:00+00:00,0.5364000201225281,0.5369200110435486,0.5354700088500977,0.5368000268936157,0.0,0.0,0.0,,,,,,
2025-06-10 04:00:00+00:00,0.5368099808692932,0.5370000004768372,0.5356699824333191,0.5363199710845947,0.0,0.0,0.0,,,,,,
2025-06-10 05:00:00+00:00,0.5363399982452393,0.5364999771118164,0.5336800217628479,0.5348899960517883,0.0,0.0,0.0,,,,,,
2025-06-10 06:00:00+00:00,0.5348100066184998,0.5352100133895874,0.5336499810218811,0.5344200134277344,0.0,0.0,0.0,,,,,,
2025-06-10 07:00:00+00:00,0.5344399809837341,0.5347999930381775,0.5333999991416931,0.5343300104141235,0.0,0.0,0.0,,,,,,
2025-06-10 08:00:00+00:00,0.5343000292778015,0.5349599719047546,0.5333399772644043,0.5348299741744995,0.0,0.0,0.0,,,,,,
2025-06-10 09:00:00+00:00,0.534850001335144,0.5352299809455872,0.533840000629425,0.53507000207901,0.0,0.0,0.0,,,,,,
2025-06-10 10:00:00+00:00,0.5350300073623657,0.5354499816894531,0.5342199802398682,0.5349000096321106,0.0,0.0,0.0,,,,,,
2025-06-10 11:00:00+00:00,0.5348899960517883,0.5354999899864197,0.534030020236969,0.5354599952697754,0.0,0.0,0.0,,,,,,
2025-06-10 12:00:00+00:00,0.5354599952697754,0.5358899831771851,0.5346199870109558,0.5354200005531311,0.0,0.0,0.0,,,,,,
2025-06-10 13:00:00+00:00,0.5354499816894531,0.5361499786376953,0.5347999930381775,0.5360599756240845,0.0,0.0,0.0,,,,,,
2025-06-10 14:00:00+00:00,0.5360199809074402,0.536620020866394,0.535319983959198,0.536300003528595,0.0,0.0,0.0,,,,,,
2025-06-10 15:00:00+00:00,0.5361700057983398,0.5368300080299377,0.5352500081062317,0.5359500050544739,0.0,0.0,0.0,,,,,,
2025-06-10 16:00:00+00:00,0.5359399914741516,0.5364999771118164,0.5351600050926208,0.5361899733543396,0.0,0.0,0.0,,,,,,
2025-06-10 17:00:00+00:00,0.5361400246620178,0.5363100171089172,0.5353800058364868,0.536270022392273,0.0,0.0,0.0,,,,,,
2025-06-10 18:00:00+00:00,0.5362499952316284,0.5365999937057495,0.5353599786758423,0.5364800095558167,0.0,0.0,0.0,,,,,,
2025-06-10 19:00:00+00:00,0.5365099906921387,0.53684002161026,0.5355799794197083,0.5367599725723267,0.0,0.0,0.0,,,,,,
2025-06-10 20:00:00+00:00,0.5367100238800049,0.5369200110435486,0.5357599854469299,0.5361899733543396,0.0,0.0,0.0,,,,,,
2025-06-10 21:00:00+00:00,0.5363100171089172,0.5368800163269043,0.5349299907684326,0.5366399884223938,0.0,0.0,0.0,,,,,,
2025-06-10 22:00:00+00:00,0.5366299748420715,0.5369099974632263,0.5354200005531311,0.5368000268936157,0.0,0.0,0.0,,,,,,
2025-06-10 23:00:00+00:00,0.5367699861526489,0.5372300148010254,0.5358800292015076,0.5367000102996826,0.0,0.0,0.0,,,,,,
2025-06-11 00:00:00+00:00,0.5366399884223938,0.5366799831390381,0.5347200036048889,0.5354899764060974,0.0,0.0,0.0,,,,,,
2025-06-11 01:00:00+00:00,0.5355200171470642,0.5361199975013733,0.5343800187110901,0.535099983215332,0.0,0.0,0.0,,,,,,
2025-06-11 02:00:00+00:00,0.5350900292396545,0.5356000065803528,0.5343300104141235,0.5350199937820435,0.0,0.0,0.0,,,,,,
2025-06-11 03:00:00+00:00,0.5350000262260437,0.5359200239181519,0.5339400172233582,0.5358800292015076,0.0,0.0,0.0,,,,,,
2025-06-11 04:00:00+00:00,0.5358999967575073,0.536109983921051,0.5348899960517883,0.5356000065803528,0.0,0.0,0.0,,,,,,
2025-06-11 05:00:00+00:00,0.535610020160675,0.5361199975013733,0.535290002822876,0.5359799861907959,0.0,0.0,0.0,,,,,,
2025-06-11 06:00:00+00:00,0.5359699726104736,0.5362300276756287,0.5351300239562988,0.5360900163650513,0.0,0.0,0.0,,,,,,
2025-06-11 07:00:00+00:00,0.536080002784729,0.5362300276756287,0.5349599719047546,0.5356000065803528,0.0,0.0,0.0,,,,,,
2025-06-11 08:00:00+00:00,0.5355899930000305,0.5357000231742859,0.5342100262641907,0.53507000207901,0.0,0.0,0.0,,,,,,
2025-06-11 09:00:00+00:00,0.535099983215332,0.5354999899864197,0.5342000126838684,0.5353999733924866,0.0,0.0,0.0,,,,,,
2025-06-11 10:00:00+00:00,0.5353999733924866,0.5354999899864197,0.5343499779701233,0.5351399779319763,0.0,0.0,0.0,,,,,,
2025-06-11 11:00:00+00:00,0.5350499749183655,0.5352299809455872,0.534089982509613,0.5350300073623657,0.0,0.0,0.0,,,,,,
2025-06-11 12:00:00+00:00,0.5350499749183655,0.5362300276756287,0.5336899757385254,0.5357499718666077,0.0,0.0,0.0,,,,,,
2025-06-11 13:00:00+00:00,0.5357199907302856,0.5358200073242188,0.5336300134658813,0.5347599983215332,0.0,0.0,0.0,,,,,,
2025-06-11 14:00:00+00:00,0.5347300171852112,0.5351099967956543,0.5336199998855591,0.5343300104141235,0.0,0.0,0.0,,,,,,
2025-06-11 15:00:00+00:00,0.5343800187110901,0.5346400141716003,0.533519983291626,0.5342900156974792,0.0,0.0,0.0,,,,,,
2025-06-11 16:00:00+00:00,0.534250020980835,0.5350800156593323,0.5333700180053711,0.5350800156593323,0.0,0.0,0.0,,,,,,
2025-06-11 17:00:00+00:00,0.535040020942688,0.5354999899864197,0.5337200164794922,0.5344099998474121,0.0,0.0,0.0,,,,,,
2025-06-11 18:00:00+00:00,0.5343999862670898,0.534600019454956,0.5325000286102295,0.5339199900627136,0.0,0.0,0.0,,,,,,
2025-06-11 19:00:00+00:00,0.5339300036430359,0.5339999794960022,0.5323799848556519,0.5332800149917603,0.0,0.0,0.0,,,,,,
2025-06-11 20:00:00+00:00,0.5332900285720825,0.5335400104522705,0.5324299931526184,0.532829999923706,0.0,0.0,0.0,,,,,,
2025-06-11 21:00:00+00:00,0.53302001953125,0.534060001373291,0.531719982624054,0.5331500172615051,0.0,0.0,0.0,,,,,,
2025-06-11 22:00:00+00:00,0.5330399870872498,0.5332099795341492,0.5321800112724304,0.532800018787384,0.0,0.0,0.0,,,,,,
2025-06-11 23:00:00+00:00,0.5328999757766724,0.5329800248146057,0.5318899750709534,0.5327000021934509,0.0,0.0,0.0,,,,,,
2025-06-12 00:00:00+00:00,0.5327000021934509,0.5328099727630615,0.5309299826622009,0.5316699743270874,0.0,0.0,0.0,,,,,,
2025-06-12 01:00:00+00:00,0.5317000150680542,0.5319100022315979,0.5287299752235413,0.5302799940109253,0.0,0.0,0.0,,,,,,
2025-06-12 02:00:00+00:00,0.5302600264549255,0.5307000279426575,0.5291399955749512,0.5303999781608582,0.0,0.0,0.0,,,,,,
2025-06-12 03:00:00+00:00,0.5303999781608582,0.5313500165939331,0.5296400189399719,0.5309000015258789,0.0,0.0,0.0,,,,,,
2025-06-12 04:00:00+00:00,0.5309000015258789,0.5311999917030334,0.5298500061035156,0.530460000038147,0.0,0.0,0.0,,,,,,
2025-06-12 05:00:00+00:00,0.530489981174469,0.5310500264167786,0.5296800136566162,0.530489981174469,0.0,0.0,0.0,,,,,,
2025-06-12 06:00:00+00:00,0.530460000038147,0.5313299894332886,0.529770016670227,0.530460000038147,0.0,0.0,0.0,,,,,,
2025-06-12 07:00:00+00:00,0.5304200053215027,0.5309100151062012,0.5276399850845337,0.5282700061798096,0.0,0.0,0.0,,,,,,
2025-06-12 08:00:00+00:00,0.528249979019165,0.5296499729156494,0.5273299813270569,0.5295500159263611,0.0,0.0,0.0,,,,,,
2025-06-12 09:00:00+00:00,0.5295400023460388,0.5300099849700928,0.5279200077056885,0.5288000106811523,0.0,0.0,0.0,,,,,,
2025-06-12 10:00:00+00:00,0.5288000106811523,0.5299500226974487,0.5281500220298767,0.5292699933052063,0.0,0.0,0.0,,,,,,
2025-06-12 11:00:00+00:00,0.5292999744415283,0.529699981212616,0.5282800197601318,0.5293400287628174,0.0,0.0,0.0,,,,,,
2025-06-12 12:00:00+00:00,0.5293499827384949,0.5298699736595154,0.5281299948692322,0.5294100046157837,0.0,0.0,0.0,,,,,,
2025-06-12 13:00:00+00:00,0.5293800234794617,0.529699981212616,0.5283600091934204,0.5296099781990051,0.0,0.0,0.0,,,,,,
2025-06-12 14:00:00+00:00,0.5295699834823608,0.5308399796485901,0.5292500257492065,0.5306800007820129,0.0,0.0,0.0,,,,,,
2025-06-12 15:00:00+00:00,0.5306699872016907,0.5314300060272217,0.529259979724884,0.5300099849700928,0.0,0.0,0.0,,,,,,
2025-06-12 16:00:00+00:00,0.529990017414093,0.5303999781608582,0.5291900038719177,0.5301300287246704,0.0,0.0,0.0,,,,,,
2025-06-12 17:00:00+00:00,0.5301300287246704,0.530269980430603,0.5291100144386292,0.5298399925231934,0.0,0.0,0.0,,,,,,
2025-06-12 18:00:00+00:00,0.5298299789428711,0.5300999879837036,0.5289000272750854,0.5298399925231934,0.0,0.0,0.0,,,,,,
2025-06-12 19:00:00+00:00,0.5297999978065491,0.5298500061035156,0.5287600159645081,0.5295199751853943,0.0,0.0,0.0,,,,,,
2025-06-12 20:00:00+00:00,0.5295100212097168,0.5296400189399719,0.5283899903297424,0.5288900136947632,0.0,0.0,0.0,,,,,,
2025-06-12 21:00:00+00:00,0.5289300084114075,0.5300599932670593,0.5279099941253662,0.5290499925613403,0.0,0.0,0.0,,,,,,
2025-06-12 22:00:00+00:00,0.5288699865341187,0.5293999910354614,0.5284299850463867,0.5291399955749512,0.0,0.0,0.0,,,,,,
2025-06-12 23:00:00+00:00,0.5291100144386292,0.52920001745224,0.5267699956893921,0.5271000266075134,0.0,0.0,0.0,,,,,,
2025-06-13 00:00:00+00:00,0.527180016040802,0.5273600220680237,0.5217499732971191,0.5226699709892273,0.0,0.0,0.0,,,,,,
2025-06-13 01:00:00+00:00,0.5226100087165833,0.5238199830055237,0.5210400223731995,0.5235400199890137,0.0,0.0,0.0,,,,,,
2025-06-13 02:00:00+00:00,0.5235700011253357,0.5245599746704102,0.5217599868774414,0.5226799845695496,0.0,0.0,0.0,,,,,,
2025-06-13 03:00:00+00:00,0.5227400064468384,0.5246000289916992,0.5220699906349182,0.5243399739265442,0.0,0.0,0.0,,,,,,
2025-06-13 04:00:00+00:00,0.5243399739265442,0.5245199799537659,0.5231199860572815,0.5237299799919128,0.0,0.0,0.0,,,,,,
2025-06-13 05:00:00+00:00,0.5237799882888794,0.5252400040626526,0.5228700041770935,0.5242699980735779,0.0,0.0,0.0,,,,,,
2025-06-13 06:00:00+00:00,0.5242599844932556,0.5252199769020081,0.5237200260162354,0.5249999761581421,0.0,0.0,0.0,,,,,,
2025-06-13 07:00:00+00:00,0.5249599814414978,0.5265100002288818,0.5240200161933899,0.5262699723243713,0.0,0.0,0.0,,,,,,
2025-06-13 08:00:00+00:00,0.5262500047683716,0.527400016784668,0.52565997838974,0.5271599888801575,0.0,0.0,0.0,,,,,,
2025-06-13 09:00:00+00:00,0.5271199941635132,0.527400016784668,0.5261099934577942,0.5271000266075134,0.0,0.0,0.0,,,,,,
2025-06-13 10:00:00+00:00,0.5270599722862244,0.5273900032043457,0.5255500078201294,0.5263599753379822,0.0,0.0,0.0,,,,,,
2025-06-13 11:00:00+00:00,0.5263199806213379,0.5273500084877014,0.5256699919700623,0.5263199806213379,0.0,0.0,0.0,,,,,,
2025-06-13 12:00:00+00:00,0.5263299942016602,0.5268399715423584,0.5253900289535522,0.526669979095459,0.0,0.0,0.0,,,,,,
2025-06-13 13:00:00+00:00,0.526639997959137,0.5274099707603455,0.5255900025367737,0.5270299911499023,0.0,0.0,0.0,,,,,,
2025-06-13 14:00:00+00:00,0.5268499851226807,0.5278300046920776,0.5263400077819824,0.5276600122451782,0.0,0.0,0.0,,,,,,
2025-06-13 15:00:00+00:00,0.5276100039482117,0.5288400053977966,0.5269100069999695,0.5284199714660645,0.0,0.0,0.0,,,,,,
2025-06-13 16:00:00+00:00,0.5283700227737427,0.5288599729537964,0.527400016784668,0.5283799767494202,0.0,0.0,0.0,,,,,,
2025-06-13 17:00:00+00:00,0.5284199714660645,0.5284500122070312,0.5267199873924255,0.5274900197982788,0.0,0.0,0.0,,,,,,
2025-06-13 18:00:00+00:00,0.5274699926376343,0.5277000069618225,0.52538001537323,0.5266500115394592,0.0,0.0,0.0,,,,,,
2025-06-13 19:00:00+00:00,0.5266600251197815,0.5269700288772583,0.5255900025367737,0.5265200138092041,0.0,0.0,0.0,,,,,,
2025-06-13 20:00:00+00:00,0.5264999866485596,0.5267800092697144,0.5250700116157532,0.525950014591217,0.0,0.0,0.0,,,,,,
2025-06-13 21:00:00+00:00,0.5250800251960754,0.5255399942398071,0.5250800251960754,0.5255399942398071,0.0,0.0,0.0,,,,,,
2025-06-14 00:00:00+00:00,0.52508003,0.52553999,0.52508003,0.52553999,0.0,,,,,,,,
2025-06-15 23:00:00+00:00,0.5262100100517273,0.5271300077438354,0.5255100131034851,0.5270199775695801,0.0,0.0,0.0,,,,,,
2025-06-16 00:00:00+00:00,0.5270100235939026,0.5272499918937683,0.5260999798774719,0.5269399881362915,0.0,0.0,0.0,,,,,,
2025-06-16 01:00:00+00:00,0.5269200205802917,0.5269799828529358,0.5246800184249878,0.5261600017547607,0.0,0.0,0.0,,,,,,
2025-06-16 02:00:00+00:00,0.5261200070381165,0.5267199873924255,0.5252900123596191,0.5262399911880493,0.0,0.0,0.0,,,,,,
2025-06-16 03:00:00+00:00,0.5262600183486938,0.5264999866485596,0.5248900055885315,0.5263000130653381,0.0,0.0,0.0,,,,,,
2025-06-16 04:00:00+00:00,0.5262600183486938,0.5270000100135803,0.5257200002670288,0.5266199707984924,0.0,0.0,0.0,,,,,,
2025-06-16 05:00:00+00:00,0.526639997959137,0.5271099805831909,0.5260400176048279,0.5270100235939026,0.0,0.0,0.0,,,,,,
2025-06-16 06:00:00+00:00,0.5269799828529358,0.5283200144767761,0.5264700055122375,0.5278800129890442,0.0,0.0,0.0,,,,,,
2025-06-16 07:00:00+00:00,0.5278599858283997,0.5296300053596497,0.5271999835968018,0.5282599925994873,0.0,0.0,0.0,,,,,,
2025-06-16 08:00:00+00:00,0.528249979019165,0.5289499759674072,0.5277299880981445,0.5288199782371521,0.0,0.0,0.0,,,,,,
2025-06-16 09:00:00+00:00,0.5288199782371521,0.529009997844696,0.527679979801178,0.5283300280570984,0.0,0.0,0.0,,,,,,
2025-06-16 10:00:00+00:00,0.5283300280570984,0.5285000205039978,0.5272700190544128,0.5281000137329102,0.0,0.0,0.0,,,,,,
2025-06-16 11:00:00+00:00,0.5281100273132324,0.5293300151824951,0.5274400115013123,0.5291500091552734,0.0,0.0,0.0,,,,,,
2025-06-16 12:00:00+00:00,0.5291699767112732,0.5296599864959717,0.5284199714660645,0.5293700098991394,0.0,0.0,0.0,,,,,,
2025-06-16 13:00:00+00:00,0.5293700098991394,0.529990017414093,0.5283200144767761,0.5297200083732605,0.0,0.0,0.0,,,,,,
2025-06-16 14:00:00+00:00,0.5297300219535828,0.5304200053215027,0.5290899872779846,0.530210018157959,0.0,0.0,0.0,,,,,,
2025-06-16 15:00:00+00:00,0.5302000045776367,0.5306299924850464,0.5292900204658508,0.5302600264549255,0.0,0.0,0.0,,,,,,
2025-06-16 16:00:00+00:00,0.530239999294281,0.531499981880188,0.5295299887657166,0.5312600135803223,0.0,0.0,0.0,,,,,,
2025-06-16 17:00:00+00:00,0.5312600135803223,0.5315300226211548,0.5303900241851807,0.5310500264167786,0.0,0.0,0.0,,,,,,
2025-06-16 18:00:00+00:00,0.5310800075531006,0.5313199758529663,0.5302799940109253,0.5311999917030334,0.0,0.0,0.0,,,,,,
2025-06-16 19:00:00+00:00,0.5312100052833557,0.5315999984741211,0.5305399894714355,0.5313199758529663,0.0,0.0,0.0,,,,,,
2025-06-16 20:00:00+00:00,0.5313100218772888,0.5315200090408325,0.5302199721336365,0.5305299758911133,0.0,0.0,0.0,,,,,,
2025-06-16 21:00:00+00:00,0.5297999978065491,0.5315399765968323,0.5290600061416626,0.530780017375946,0.0,0.0,0.0,,,,,,
2025-06-16 22:00:00+00:00,0.5308600068092346,0.5311400294303894,0.5295400023460388,0.5302000045776367,0.0,0.0,0.0,,,,,,
2025-06-16 23:00:00+00:00,0.5302199721336365,0.5309299826622009,0.5290200114250183,0.5297799706459045,0.0,0.0,0.0,,,,,,
2025-06-17 00:00:00+00:00,0.5297799706459045,0.5305600166320801,0.5288100242614746,0.5304999947547913,0.0,0.0,0.0,,,,,,
2025-06-17 01:00:00+00:00,0.5304800271987915,0.5310999751091003,0.5292999744415283,0.5309600234031677,0.0,0.0,0.0,,,,,,
2025-06-17 02:00:00+00:00,0.5309799909591675,0.5317000150680542,0.5299400091171265,0.5316399931907654,0.0,0.0,0.0,,,,,,
2025-06-17 03:00:00+00:00,0.5315899848937988,0.5316900014877319,0.5303599834442139,0.531470000743866,0.0,0.0,0.0,,,,,,
2025-06-17 04:00:00+00:00,0.5314800143241882,0.5317000150680542,0.5303099751472473,0.5316200256347656,0.0,0.0,0.0,,,,,,
2025-06-17 05:00:00+00:00,0.5315999984741211,0.5318999886512756,0.5303699970245361,0.5310199856758118,0.0,0.0,0.0,,,,,,
2025-06-17 06:00:00+00:00,0.531000018119812,0.5317999720573425,0.5302799940109253,0.5311200022697449,0.0,0.0,0.0,,,,,,
2025-06-17 07:00:00+00:00,0.5311099886894226,0.5318899750709534,0.530239999294281,0.5312100052833557,0.0,0.0,0.0,,,,,,
2025-06-17 08:00:00+00:00,0.5312399864196777,0.5316200256347656,0.5301600098609924,0.5310199856758118,0.0,0.0,0.0,,,,,,
2025-06-17 09:00:00+00:00,0.531029999256134,0.5317999720573425,0.5298100113868713,0.530430018901825,0.0,0.0,0.0,,,,,,
2025-06-17 10:00:00+00:00,0.5304399728775024,0.5310099720954895,0.5299400091171265,0.5309000015258789,0.0,0.0,0.0,,,,,,
2025-06-17 11:00:00+00:00,0.5309100151062012,0.5315099954605103,0.5302900075912476,0.531440019607544,0.0,0.0,0.0,,,,,,
2025-06-17 12:00:00+00:00,0.531470000743866,0.5317800045013428,0.5301200151443481,0.531029999256134,0.0,0.0,0.0,,,,,,
2025-06-17 13:00:00+00:00,0.5309799909591675,0.5324199795722961,0.5304200053215027,0.5321000218391418,0.0,0.0,0.0,,,,,,
2025-06-17 14:00:00+00:00,0.5321099758148193,0.5324000120162964,0.5298900008201599,0.5308300256729126,0.0,0.0,0.0,,,,,,
2025-06-17 15:00:00+00:00,0.5307999849319458,0.5309200286865234,0.5288699865341187,0.530239999294281,0.0,0.0,0.0,,,,,,
2025-06-17 16:00:00+00:00,0.530239999294281,0.5306900143623352,0.5285900235176086,0.5292699933052063,0.0,0.0,0.0,,,,,,
2025-06-17 17:00:00+00:00,0.5292500257492065,0.5295000076293945,0.5272200107574463,0.528190016746521,0.0,0.0,0.0,,,,,,
2025-06-17 18:00:00+00:00,0.5281699895858765,0.5288000106811523,0.5272899866104126,0.5287100076675415,0.0,0.0,0.0,,,,,,
2025-06-17 19:00:00+00:00,0.5286999940872192,0.5289300084114075,0.5278000235557556,0.5285300016403198,0.0,0.0,0.0,,,,,,
2025-06-17 20:00:00+00:00,0.5285400152206421,0.5288199782371521,0.5277699828147888,0.5277699828147888,0.0,0.0,0.0,,,,,,
2025-06-17 21:00:00+00:00,0.5278400182723999,0.5290300250053406,0.5254600048065186,0.5283300280570984,0.0,0.0,0.0,,,,,,
2025-06-17 22:00:00+00:00,0.5284000039100647,0.5287600159645081,0.5278099775314331,0.5284600257873535,0.0,0.0,0.0,,,,,,
2025-06-17 23:00:00+00:00,0.5284500122070312,0.5294100046157837,0.5277500152587891,0.5292999744415283,0.0,0.0,0.0,,,,,,
2025-06-18 00:00:00+00:00,0.5295299887657166,0.5298100113868713,0.5286200046539307,0.5295299887657166,0.0,0.0,0.0,,,,,,
2025-06-18 01:00:00+00:00,0.5295199751853943,0.5301499962806702,0.5288400053977966,0.529449999332428,0.0,0.0,0.0,,,,,,
2025-06-18 02:00:00+00:00,0.529420018196106,0.5300499796867371,0.5285400152206421,0.5296400189399719,0.0,0.0,0.0,,,,,,
2025-06-18 03:00:00+00:00,0.5295900106430054,0.5300400257110596,0.5288800001144409,0.5299400091171265,0.0,0.0,0.0,,,,,,
2025-06-18 04:00:00+00:00,0.5299599766731262,0.531000018119812,0.5292500257492065,0.5309600234031677,0.0,0.0,0.0,,,,,,
2025-06-18 05:00:00+00:00,0.5309799909591675,0.5311300158500671,0.5300099849700928,0.530709981918335,0.0,0.0,0.0,,,,,,
2025-06-18 06:00:00+00:00,0.5306900143623352,0.5315200090408325,0.5298200249671936,0.5305699706077576,0.0,0.0,0.0,,,,,,
2025-06-18 07:00:00+00:00,0.5305600166320801,0.5313599705696106,0.5297899842262268,0.5305299758911133,0.0,0.0,0.0,,,,,,
2025-06-18 08:00:00+00:00,0.5305399894714355,0.5312100052833557,0.5298299789428711,0.5309399962425232,0.0,0.0,0.0,,,,,,
2025-06-18 09:00:00+00:00,0.531000018119812,0.5315999984741211,0.5302799940109253,0.5315300226211548,0.0,0.0,0.0,,,,,,
2025-06-18 10:00:00+00:00,0.5315200090408325,0.5316799879074097,0.5293899774551392,0.5300599932670593,0.0,0.0,0.0,,,,,,
2025-06-18 11:00:00+00:00,0.5300700068473816,0.5315099954605103,0.5298699736595154,0.5312600135803223,0.0,0.0,0.0,,,,,,
2025-06-18 12:00:00+00:00,0.531279981136322,0.5314300060272217,0.5299599766731262,0.5307599902153015,0.0,0.0,0.0,,,,,,
2025-06-18 13:00:00+00:00,0.5307400226593018,0.5317999720573425,0.5301300287246704,0.5312399864196777,0.0,0.0,0.0,,,,,,
2025-06-18 14:00:00+00:00,0.53125,0.5330600142478943,0.5307599902153015,0.5328199863433838,0.0,0.0,0.0,,,,,,
2025-06-18 15:00:00+00:00,0.532829999923706,0.5331500172615051,0.5321000218391418,0.5327600240707397,0.0,0.0,0.0,,,,,,
2025-06-18 16:00:00+00:00,0.5327500104904175,0.5331000089645386,0.5317400097846985,0.5327000021934509,0.0,0.0,0.0,,,,,,
2025-06-18 17:00:00+00:00,0.5326499938964844,0.532800018787384,0.5316299796104431,0.5322099924087524,0.0,0.0,0.0,,,,,,
2025-06-18 18:00:00+00:00,0.5325199961662292,0.5334600210189819,0.531499981880188,0.5323600172996521,0.0,0.0,0.0,,,,,,
2025-06-18 19:00:00+00:00,0.5323899984359741,0.5332000255584717,0.5317299962043762,0.5327900052070618,0.0,0.0,0.0,,,,,,
2025-06-18 20:00:00+00:00,0.532829999923706,0.5331299901008606,0.5317000150680542,0.5327799916267395,0.0,0.0,0.0,,,,,,
2025-06-18 21:00:00+00:00,0.5318300127983093,0.5328699946403503,0.529670000076294,0.5321300029754639,0.0,0.0,0.0,,,,,,
2025-06-18 22:00:00+00:00,0.532069981098175,0.5328599810600281,0.5318199992179871,0.5326300263404846,0.0,0.0,0.0,,,,,,
2025-06-18 23:00:00+00:00,0.5326799750328064,0.5330600142478943,0.5319700241088867,0.5329200029373169,0.0,0.0,0.0,,,,,,
2025-06-19 00:00:00+00:00,0.5329399704933167,0.5331000089645386,0.5313500165939331,0.5321199893951416,0.0,0.0,0.0,,,,,,
2025-06-19 01:00:00+00:00,0.5321099758148193,0.5322800278663635,0.5303199887275696,0.531719982624054,0.0,0.0,0.0,,,,,,
2025-06-19 02:00:00+00:00,0.5316900014877319,0.5319700241088867,0.5303500294685364,0.5315399765968323,0.0,0.0,0.0,,,,,,
2025-06-19 03:00:00+00:00,0.531499981880188,0.5325400233268738,0.531000018119812,0.5321599841117859,0.0,0.0,0.0,,,,,,
2025-06-19 04:00:00+00:00,0.5321400165557861,0.5321999788284302,0.5308899879455566,0.5318300127983093,0.0,0.0,0.0,,,,,,
2025-06-19 05:00:00+00:00,0.5318199992179871,0.5318999886512756,0.529770016670227,0.5304700136184692,0.0,0.0,0.0,,,,,,
2025-06-19 06:00:00+00:00,0.5304700136184692,0.5311599969863892,0.5298399925231934,0.5311300158500671,0.0,0.0,0.0,,,,,,
2025-06-19 07:00:00+00:00,0.5311099886894226,0.5314199924468994,0.5284799933433533,0.5291699767112732,0.0,0.0,0.0,,,,,,
2025-06-19 08:00:00+00:00,0.5291500091552734,0.5301200151443481,0.5275999903678894,0.5283300280570984,0.0,0.0,0.0,,,,,,
2025-06-19 09:00:00+00:00,0.5283200144767761,0.5285999774932861,0.5273699760437012,0.5283399820327759,0.0,0.0,0.0,,,,,,
2025-06-19 10:00:00+00:00,0.5283300280570984,0.5293499827384949,0.5277199745178223,0.5285599827766418,0.0,0.0,0.0,,,,,,
2025-06-19 11:00:00+00:00,0.5285599827766418,0.52920001745224,0.5277500152587891,0.5286800265312195,0.0,0.0,0.0,,,,,,
2025-06-19 12:00:00+00:00,0.5286700129508972,0.5292999744415283,0.52742999792099,0.5282800197601318,0.0,0.0,0.0,,,,,,
2025-06-19 13:00:00+00:00,0.528249979019165,0.5286999940872192,0.5272899866104126,0.5281400084495544,0.0,0.0,0.0,,,,,,
2025-06-19 14:00:00+00:00,0.5281199812889099,0.5287200212478638,0.5271000266075134,0.5285000205039978,0.0,0.0,0.0,,,,,,
2025-06-19 15:00:00+00:00,0.528469979763031,0.5288599729537964,0.5278099775314331,0.5285500288009644,0.0,0.0,0.0,,,,,,
2025-06-19 16:00:00+00:00,0.5285400152206421,0.5287299752235413,0.5276299715042114,0.5282999873161316,0.0,0.0,0.0,,,,,,
2025-06-19 17:00:00+00:00,0.5282899737358093,0.5293599963188171,0.527649998664856,0.5293599963188171,0.0,0.0,0.0,,,,,,
2025-06-19 18:00:00+00:00,0.5293499827384949,0.5295400023460388,0.5284000039100647,0.5291399955749512,0.0,0.0,0.0,,,,,,
2025-06-19 19:00:00+00:00,0.5291799902915955,0.5291799902915955,0.5277299880981445,0.5285800099372864,0.0,0.0,0.0,,,,,,
2025-06-19 20:00:00+00:00,0.5285999774932861,0.52920001745224,0.5278499722480774,0.5282999873161316,0.0,0.0,0.0,,,,,,
2025-06-19 21:00:00+00:00,0.5279399752616882,0.5288199782371521,0.5253000259399414,0.5279600024223328,0.0,0.0,0.0,,,,,,
2025-06-19 22:00:00+00:00,0.5279499888420105,0.5295199751853943,0.5279499888420105,0.5293599963188171,0.0,0.0,0.0,,,,,,
2025-06-19 23:00:00+00:00,0.529420018196106,0.5296400189399719,0.5284900069236755,0.5294600129127502,0.0,0.0,0.0,,,,,,
2025-06-20 00:00:00+00:00,0.5294299721717834,0.5301300287246704,0.5285500288009644,0.5292800068855286,0.0,0.0,0.0,,,,,,
2025-06-20 01:00:00+00:00,0.529259979724884,0.5295000076293945,0.5279399752616882,0.528659999370575,0.0,0.0,0.0,,,,,,
2025-06-20 02:00:00+00:00,0.5286700129508972,0.5297300219535828,0.527970016002655,0.5297099947929382,0.0,0.0,0.0,,,,,,
2025-06-20 03:00:00+00:00,0.5296800136566162,0.5300999879837036,0.5287899971008301,0.529770016670227,0.0,0.0,0.0,,,,,,
2025-06-20 04:00:00+00:00,0.5298100113868713,0.5303400158882141,0.5288500189781189,0.5301200151443481,0.0,0.0,0.0,,,,,,
2025-06-20 05:00:00+00:00,0.5301399827003479,0.5303500294685364,0.5285400152206421,0.529699981212616,0.0,0.0,0.0,,,,,,
2025-06-20 06:00:00+00:00,0.5297300219535828,0.5299400091171265,0.5275499820709229,0.5282899737358093,0.0,0.0,0.0,,,,,,
2025-06-20 07:00:00+00:00,0.5282599925994873,0.5293400287628174,0.5275200009346008,0.5292500257492065,0.0,0.0,0.0,,,,,,
2025-06-20 08:00:00+00:00,0.5292400121688843,0.5296099781990051,0.5285000205039978,0.5293200016021729,0.0,0.0,0.0,,,,,,
2025-06-20 09:00:00+00:00,0.5293200016021729,0.5303099751472473,0.5287600159645081,0.5301200151443481,0.0,0.0,0.0,,,,,,
2025-06-20 10:00:00+00:00,0.5301100015640259,0.5301899909973145,0.5288299918174744,0.5299599766731262,0.0,0.0,0.0,,,,,,
2025-06-20 11:00:00+00:00,0.5299199819564819,0.5307499766349792,0.5291500091552734,0.5300999879837036,0.0,0.0,0.0,,,,,,
2025-06-20 12:00:00+00:00,0.5300700068473816,0.5305399894714355,0.5294600129127502,0.530239999294281,0.0,0.0,0.0,,,,,,
2025-06-20 13:00:00+00:00,0.530269980430603,0.5303000211715698,0.5281299948692322,0.529009997844696,0.0,0.0,0.0,,,,,,
2025-06-20 14:00:00+00:00,0.5290300250053406,0.5295199751853943,0.5276100039482117,0.5287399888038635,0.0,0.0,0.0,,,,,,
2025-06-20 15:00:00+00:00,0.5287299752235413,0.5287399888038635,0.5267300009727478,0.5275700092315674,0.0,0.0,0.0,,,,,,
2025-06-20 16:00:00+00:00,0.5275499820709229,0.527899980545044,0.5267099738121033,0.52742999792099,0.0,0.0,0.0,,,,,,
2025-06-20 17:00:00+00:00,0.5273900032043457,0.5275999903678894,0.5261899828910828,0.5273799896240234,0.0,0.0,0.0,,,,,,
2025-06-20 18:00:00+00:00,0.5273500084877014,0.5275999903678894,0.5264700055122375,0.527400016784668,0.0,0.0,0.0,,,,,,
2025-06-20 19:00:00+00:00,0.5274199843406677,0.5277199745178223,0.5265499949455261,0.5275499820709229,0.0,0.0,0.0,,,,,,
2025-06-20 20:00:00+00:00,0.5275200009346008,0.5278900265693665,0.5267900228500366,0.5274699926376343,0.0,0.0,0.0,,,,,,
2025-06-20 21:00:00+00:00,0.5264999866485596,0.5270500183105469,0.5264999866485596,0.5270500183105469,0.0,0.0,0.0,,,,,,
2025-06-21 00:00:00+00:00,0.52649999,0.52705002,0.52649999,0.52705002,0.0,,,,,,,,
2025-06-22 23:00:00+00:00,0.5268099904060364,0.527400016784668,0.5261600017547607,0.5271199941635132,0.0,0.0,0.0,,,,,,
2025-06-23 00:00:00+00:00,0.5270599722862244,0.527180016040802,0.5259799957275391,0.5269100069999695,0.0,0.0,0.0,,,,,,
2025-06-23 01:00:00+00:00,0.5269200205802917,0.5273200273513794,0.5251100063323975,0.5260099768638611,0.0,0.0,0.0,,,,,,
2025-06-23 02:00:00+00:00,0.5260800123214722,0.526199996471405,0.5234799981117249,0.5242999792098999,0.0,0.0,0.0,,,,,,
2025-06-23 03:00:00+00:00,0.5242300033569336,0.5245400071144104,0.5225300192832947,0.5235999822616577,0.0,0.0,0.0,,,,,,
2025-06-23 04:00:00+00:00,0.5235700011253357,0.5242300033569336,0.5229300260543823,0.5239899754524231,0.0,0.0,0.0,,,,,,
2025-06-23 05:00:00+00:00,0.5239999890327454,0.5242800116539001,0.5228099822998047,0.5239800214767456,0.0,0.0,0.0,,,,,,
2025-06-23 06:00:00+00:00,0.5239599943161011,0.5245500206947327,0.5231500267982483,0.5242699980735779,0.0,0.0,0.0,,,,,,
2025-06-23 07:00:00+00:00,0.5242999792098999,0.5252100229263306,0.5232999920845032,0.5244500041007996,0.0,0.0,0.0,,,,,,
2025-06-23 08:00:00+00:00,0.5243600010871887,0.5247300267219543,0.5230699777603149,0.523639976978302,0.0,0.0,0.0,,,,,,
2025-06-23 09:00:00+00:00,0.5236200094223022,0.5238100290298462,0.5213299989700317,0.5219600200653076,0.0,0.0,0.0,,,,,,
2025-06-23 10:00:00+00:00,0.5219299793243408,0.5227400064468384,0.5210899710655212,0.5221700072288513,0.0,0.0,0.0,,,,,,
2025-06-23 11:00:00+00:00,0.522159993648529,0.5224000215530396,0.5207899808883667,0.5221899747848511,0.0,0.0,0.0,,,,,,
2025-06-23 12:00:00+00:00,0.5221999883651733,0.5232200026512146,0.5215700268745422,0.5228899717330933,0.0,0.0,0.0,,,,,,
2025-06-23 13:00:00+00:00,0.5228999853134155,0.5235099792480469,0.5214999914169312,0.5232700109481812,0.0,0.0,0.0,,,,,,
2025-06-23 14:00:00+00:00,0.523360013961792,0.5244500041007996,0.5223699808120728,0.5232200026512146,0.0,0.0,0.0,,,,,,
2025-06-23 15:00:00+00:00,0.5231999754905701,0.5236999988555908,0.521589994430542,0.5222300291061401,0.0,0.0,0.0,,,,,,
2025-06-23 16:00:00+00:00,0.5222200155258179,0.5228400230407715,0.5212799906730652,0.5220900177955627,0.0,0.0,0.0,,,,,,
2025-06-23 17:00:00+00:00,0.522059977054596,0.5241600275039673,0.5214099884033203,0.5239800214767456,0.0,0.0,0.0,,,,,,
2025-06-23 18:00:00+00:00,0.5239700078964233,0.5245000123977661,0.5231099724769592,0.5243600010871887,0.0,0.0,0.0,,,,,,
2025-06-23 19:00:00+00:00,0.524399995803833,0.5245400071144104,0.5232599973678589,0.5241299867630005,0.0,0.0,0.0,,,,,,
2025-06-23 20:00:00+00:00,0.5241400003433228,0.5250899791717529,0.5233200192451477,0.5243499875068665,0.0,0.0,0.0,,,,,,
2025-06-23 21:00:00+00:00,0.5242599844932556,0.5249199867248535,0.5226600170135498,0.5245199799537659,0.0,0.0,0.0,,,,,,
2025-06-23 22:00:00+00:00,0.5245299935340881,0.5259799957275391,0.523829996585846,0.5257899761199951,0.0,0.0,0.0,,,,,,
2025-06-23 23:00:00+00:00,0.5257700085639954,0.5268399715423584,0.5249000191688538,0.5263699889183044,0.0,0.0,0.0,,,,,,
2025-06-24 00:00:00+00:00,0.5263400077819824,0.5266299843788147,0.5252199769020081,0.5262699723243713,0.0,0.0,0.0,,,,,,
2025-06-24 01:00:00+00:00,0.526229977607727,0.5269200205802917,0.5252299904823303,0.5267800092697144,0.0,0.0,0.0,,,,,,
2025-06-24 02:00:00+00:00,0.5267900228500366,0.5271999835968018,0.5257300138473511,0.5271700024604797,0.0,0.0,0.0,,,,,,
2025-06-24 03:00:00+00:00,0.5271900296211243,0.5273100137710571,0.5258200168609619,0.5268099904060364,0.0,0.0,0.0,,,,,,
2025-06-24 04:00:00+00:00,0.5267699956893921,0.527400016784668,0.5258700251579285,0.5273000001907349,0.0,0.0,0.0,,,,,,
2025-06-24 05:00:00+00:00,0.5272600054740906,0.527400016784668,0.5264000296592712,0.5269500017166138,0.0,0.0,0.0,,,,,,
2025-06-24 06:00:00+00:00,0.5269299745559692,0.5284600257873535,0.5259699821472168,0.5283399820327759,0.0,0.0,0.0,,,,,,
2025-06-24 07:00:00+00:00,0.5283499956130981,0.5285500288009644,0.526449978351593,0.5270199775695801,0.0,0.0,0.0,,,,,,
2025-06-24 08:00:00+00:00,0.5271099805831909,0.5277400016784668,0.5264099836349487,0.5275899767875671,0.0,0.0,0.0,,,,,,
2025-06-24 09:00:00+00:00,0.5275800228118896,0.5279200077056885,0.5265899896621704,0.5273799896240234,0.0,0.0,0.0,,,,,,
2025-06-24 10:00:00+00:00,0.5273600220680237,0.5277400016784668,0.5265899896621704,0.5272700190544128,0.0,0.0,0.0,,,,,,
2025-06-24 11:00:00+00:00,0.527239978313446,0.52742999792099,0.525629997253418,0.5262100100517273,0.0,0.0,0.0,,,,,,
2025-06-24 12:00:00+00:00,0.5262100100517273,0.5265899896621704,0.5246700048446655,0.5255699753761292,0.0,0.0,0.0,,,,,,
2025-06-24 13:00:00+00:00,0.5255799889564514,0.5257700085639954,0.5238000154495239,0.524399995803833,0.0,0.0,0.0,,,,,,
2025-06-24 14:00:00+00:00,0.524399995803833,0.5248000025749207,0.5232599973678589,0.5239400267601013,0.0,0.0,0.0,,,,,,
2025-06-24 15:00:00+00:00,0.5239400267601013,0.5240300297737122,0.5221400260925293,0.5229799747467041,0.0,0.0,0.0,,,,,,
2025-06-24 16:00:00+00:00,0.5230100154876709,0.5236200094223022,0.5221700072288513,0.5231000185012817,0.0,0.0,0.0,,,,,,
2025-06-24 17:00:00+00:00,0.5231000185012817,0.5235999822616577,0.5222799777984619,0.5233500003814697,0.0,0.0,0.0,,,,,,
2025-06-24 18:00:00+00:00,0.5233299732208252,0.5235000252723694,0.5223199725151062,0.5232099890708923,0.0,0.0,0.0,,,,,,
2025-06-24 19:00:00+00:00,0.5231999754905701,0.5235000252723694,0.5224900245666504,0.523140013217926,0.0,0.0,0.0,,,,,,
2025-06-24 20:00:00+00:00,0.5231199860572815,0.5233100056648254,0.5218300223350525,0.5220100283622742,0.0,0.0,0.0,,,,,,
2025-06-24 21:00:00+00:00,0.5220100283622742,0.5226799845695496,0.5210300087928772,0.5223199725151062,0.0,0.0,0.0,,,,,,
2025-06-24 22:00:00+00:00,0.5221499800682068,0.5227400064468384,0.5210000276565552,0.5224999785423279,0.0,0.0,0.0,,,,,,
2025-06-24 23:00:00+00:00,0.5224699974060059,0.5230000019073486,0.5215200185775757,0.5229600071907043,0.0,0.0,0.0,,,,,,
2025-06-25 00:00:00+00:00,0.5229499936103821,0.5230500102043152,0.5217499732971191,0.5228000283241272,0.0,0.0,0.0,,,,,,
2025-06-25 01:00:00+00:00,0.5227100253105164,0.5236999988555908,0.5220500230789185,0.5232999920845032,0.0,0.0,0.0,,,,,,
2025-06-25 02:00:00+00:00,0.5232899785041809,0.5236999988555908,0.5222899913787842,0.523639976978302,0.0,0.0,0.0,,,,,,
2025-06-25 03:00:00+00:00,0.5236899852752686,0.5240200161933899,0.5228400230407715,0.5234100222587585,0.0,0.0,0.0,,,,,,
2025-06-25 04:00:00+00:00,0.523419976234436,0.5235000252723694,0.5222100019454956,0.5232099890708923,0.0,0.0,0.0,,,,,,
2025-06-25 05:00:00+00:00,0.5232499837875366,0.5232700109481812,0.522059977054596,0.5229600071907043,0.0,0.0,0.0,,,,,,
2025-06-25 06:00:00+00:00,0.5229899883270264,0.523389995098114,0.5219600200653076,0.5232800245285034,0.0,0.0,0.0,,,,,,
2025-06-25 07:00:00+00:00,0.5232700109481812,0.5235000252723694,0.5222499966621399,0.5231800079345703,0.0,0.0,0.0,,,,,,
2025-06-25 08:00:00+00:00,0.523169994354248,0.5234299898147583,0.5222899913787842,0.5232300162315369,0.0,0.0,0.0,,,,,,
2025-06-25 09:00:00+00:00,0.5232800245285034,0.5245000123977661,0.5224400162696838,0.5238199830055237,0.0,0.0,0.0,,,,,,
2025-06-25 10:00:00+00:00,0.5238100290298462,0.5239999890327454,0.5227100253105164,0.5238900184631348,0.0,0.0,0.0,,,,,,
2025-06-25 11:00:00+00:00,0.5238900184631348,0.5241400003433228,0.5229799747467041,0.5240100026130676,0.0,0.0,0.0,,,,,,
2025-06-25 12:00:00+00:00,0.5240399837493896,0.5242300033569336,0.5231599807739258,0.5239499807357788,0.0,0.0,0.0,,,,,,
2025-06-25 13:00:00+00:00,0.5239199995994568,0.5242099761962891,0.5225499868392944,0.5232800245285034,0.0,0.0,0.0,,,,,,
2025-06-25 14:00:00+00:00,0.5232300162315369,0.5237500071525574,0.5222399830818176,0.5232200026512146,0.0,0.0,0.0,,,,,,
2025-06-25 15:00:00+00:00,0.5232300162315369,0.5234000086784363,0.5221400260925293,0.5229399800300598,0.0,0.0,0.0,,,,,,
2025-06-25 16:00:00+00:00,0.5229600071907043,0.52360999584198,0.5222399830818176,0.5235199928283691,0.0,0.0,0.0,,,,,,
2025-06-25 17:00:00+00:00,0.5234900116920471,0.5238100290298462,0.5226799845695496,0.5235000252723694,0.0,0.0,0.0,,,,,,
2025-06-25 18:00:00+00:00,0.5234799981117249,0.5236600041389465,0.5226200222969055,0.5234400033950806,0.0,0.0,0.0,,,,,,
2025-06-25 19:00:00+00:00,0.5234599709510803,0.5239099860191345,0.5227800011634827,0.5238800048828125,0.0,0.0,0.0,,,,,,
2025-06-25 20:00:00+00:00,0.5238999724388123,0.5242900252342224,0.5230299830436707,0.523419976234436,0.0,0.0,0.0,,,,,,
2025-06-25 21:00:00+00:00,0.5233799815177917,0.5238999724388123,0.5225399732589722,0.5232599973678589,0.0,0.0,0.0,,,,,,
2025-06-25 22:00:00+00:00,0.5231800079345703,0.5240200161933899,0.5230500102043152,0.5239099860191345,0.0,0.0,0.0,,,,,,
2025-06-25 23:00:00+00:00,0.5240399837493896,0.524399995803833,0.5232399702072144,0.5241400003433228,0.0,0.0,0.0,,,,,,
2025-06-26 00:00:00+00:00,0.5241199731826782,0.5242199897766113,0.5232200026512146,0.5238900184631348,0.0,0.0,0.0,,,,,,
2025-06-26 01:00:00+00:00,0.5238800048828125,0.5241100192070007,0.5225600004196167,0.5239499807357788,0.0,0.0,0.0,,,,,,
2025-06-26 02:00:00+00:00,0.5239400267601013,0.5247600078582764,0.5231999754905701,0.524619996547699,0.0,0.0,0.0,,,,,,
2025-06-26 03:00:00+00:00,0.524590015411377,0.5248399972915649,0.5235599875450134,0.5247200131416321,0.0,0.0,0.0,,,,,,
2025-06-26 04:00:00+00:00,0.5246999859809875,0.5248000025749207,0.5233399868011475,0.5241400003433228,0.0,0.0,0.0,,,,,,
2025-06-26 05:00:00+00:00,0.5241699814796448,0.524399995803833,0.5233500003814697,0.5243099927902222,0.0,0.0,0.0,,,,,,
2025-06-26 06:00:00+00:00,0.5242999792098999,0.5245199799537659,0.5232300162315369,0.5239700078964233,0.0,0.0,0.0,,,,,,
2025-06-26 07:00:00+00:00,0.5239800214767456,0.5241400003433228,0.522570013999939,0.5235400199890137,0.0,0.0,0.0,,,,,,
2025-06-26 08:00:00+00:00,0.5235300064086914,0.5238199830055237,0.5220299959182739,0.5231900215148926,0.0,0.0,0.0,,,,,,
2025-06-26 09:00:00+00:00,0.5231599807739258,0.5234000086784363,0.5220199823379517,0.5231800079345703,0.0,0.0,0.0,,,,,,
2025-06-26 10:00:00+00:00,0.5231900215148926,0.5236999988555908,0.5223299860954285,0.5234400033950806,0.0,0.0,0.0,,,,,,
2025-06-26 11:00:00+00:00,0.5234500169754028,0.5239099860191345,0.5224699974060059,0.5237200260162354,0.0,0.0,0.0,,,,,,
2025-06-26 12:00:00+00:00,0.5237299799919128,0.523930013179779,0.5225200057029724,0.5233399868011475,0.0,0.0,0.0,,,,,,
2025-06-26 13:00:00+00:00,0.5233700275421143,0.5238000154495239,0.5219399929046631,0.5235099792480469,0.0,0.0,0.0,,,,,,
2025-06-26 14:00:00+00:00,0.5234699845314026,0.5244799852371216,0.5227599740028381,0.523639976978302,0.0,0.0,0.0,,,,,,
2025-06-26 15:00:00+00:00,0.5236499905586243,0.5243099927902222,0.5228400230407715,0.5235900282859802,0.0,0.0,0.0,,,,,,
2025-06-26 16:00:00+00:00,0.5235599875450134,0.5237500071525574,0.5226899981498718,0.5236799716949463,0.0,0.0,0.0,,,,,,
2025-06-26 17:00:00+00:00,0.5237100124359131,0.5245000123977661,0.5230500102043152,0.5243399739265442,0.0,0.0,0.0,,,,,,
2025-06-26 18:00:00+00:00,0.5243200063705444,0.5245000123977661,0.5233399868011475,0.5240700244903564,0.0,0.0,0.0,,,,,,
2025-06-26 19:00:00+00:00,0.5240799784660339,0.5241100192070007,0.5229600071907043,0.5239400267601013,0.0,0.0,0.0,,,,,,
2025-06-26 20:00:00+00:00,0.523930013179779,0.5241000056266785,0.5230799913406372,0.5230799913406372,0.0,0.0,0.0,,,,,,
2025-06-26 21:00:00+00:00,0.5222399830818176,0.5242099761962891,0.5218700170516968,0.5231099724769592,0.0,0.0,0.0,,,,,,
2025-06-26 22:00:00+00:00,0.5232300162315369,0.5246000289916992,0.5228899717330933,0.5243800282478333,0.0,0.0,0.0,,,,,,
2025-06-26 23:00:00+00:00,0.5244799852371216,0.5245000123977661,0.5233799815177917,0.5242400169372559,0.0,0.0,0.0,,,,,,
2025-06-27 00:00:00+00:00,0.5242199897766113,0.5251299738883972,0.5235700011253357,0.5250700116157532,0.0,0.0,0.0,,,,,,
2025-06-27 01:00:00+00:00,0.5250899791717529,0.5250899791717529,0.5237100124359131,0.5249000191688538,0.0,0.0,0.0,,,,,,
2025-06-27 02:00:00+00:00,0.5249199867248535,0.5251100063323975,0.5239400267601013,0.5248100161552429,0.0,0.0,0.0,,,,,,
2025-06-27 03:00:00+00:00,0.5248100161552429,0.5252000093460083,0.5235300064086914,0.5242800116539001,0.0,0.0,0.0,,,,,,
2025-06-27 04:00:00+00:00,0.5242599844932556,0.5244200229644775,0.5234500169754028,0.5242199897766113,0.0,0.0,0.0,,,,,,
2025-06-27 05:00:00+00:00,0.5241900086402893,0.5246000289916992,0.5233299732208252,0.5240399837493896,0.0,0.0,0.0,,,,,,
2025-06-27 06:00:00+00:00,0.5240300297737122,0.5246800184249878,0.5231500267982483,0.5240600109100342,0.0,0.0,0.0,,,,,,
2025-06-27 07:00:00+00:00,0.5240300297737122,0.5248100161552429,0.5228999853134155,0.5234900116920471,0.0,0.0,0.0,,,,,,
2025-06-27 08:00:00+00:00,0.5235099792480469,0.5238100290298462,0.5222300291061401,0.5229899883270264,0.0,0.0,0.0,,,,,,
2025-06-27 09:00:00+00:00,0.5229700207710266,0.5230399966239929,0.521369993686676,0.5221800208091736,0.0,0.0,0.0,,,,,,
2025-06-27 10:00:00+00:00,0.5221800208091736,0.5222300291061401,0.5206900238990784,0.5216100215911865,0.0,0.0,0.0,,,,,,
2025-06-27 11:00:00+00:00,0.521619975566864,0.5224000215530396,0.5206800103187561,0.5222300291061401,0.0,0.0,0.0,,,,,,
2025-06-27 12:00:00+00:00,0.5221999883651733,0.5225600004196167,0.5205000042915344,0.5212000012397766,0.0,0.0,0.0,,,,,,
2025-06-27 13:00:00+00:00,0.5211600065231323,0.5221499800682068,0.520389974117279,0.5213299989700317,0.0,0.0,0.0,,,,,,
2025-06-27 14:00:00+00:00,0.521340012550354,0.5224300026893616,0.5208600163459778,0.52183997631073,0.0,0.0,0.0,,,,,,
2025-06-27 15:00:00+00:00,0.5218300223350525,0.5222499966621399,0.5209400057792664,0.5219600200653076,0.0,0.0,0.0,,,,,,
2025-06-27 16:00:00+00:00,0.5219699740409851,0.5223000049591064,0.5211799740791321,0.5221999883651733,0.0,0.0,0.0,,,,,,
2025-06-27 17:00:00+00:00,0.5222499966621399,0.5226699709892273,0.520550012588501,0.5215700268745422,0.0,0.0,0.0,,,,,,
2025-06-27 18:00:00+00:00,0.52156001329422,0.5216699838638306,0.5202699899673462,0.5212200284004211,0.0,0.0,0.0,,,,,,
2025-06-27 19:00:00+00:00,0.5212299823760986,0.5218799710273743,0.5206199884414673,0.5217800140380859,0.0,0.0,0.0,,,,,,
2025-06-27 20:00:00+00:00,0.5218300223350525,0.5220000147819519,0.5206000208854675,0.5206000208854675,0.0,0.0,0.0,,,,,,
2025-06-27 21:00:00+00:00,0.5210000276565552,0.5210000276565552,0.5209800004959106,0.5209800004959106,0.0,0.0,0.0,,,,,,
2025-06-28 00:00:00+00:00,0.52100003,0.52100003,0.52098,0.52098,0.0,,,,,,,,
2025-06-29 23:00:00+00:00,0.5217599868774414,0.5219399929046631,0.5209000110626221,0.5214400291442871,0.0,0.0,0.0,,,,,,
2025-06-30 00:00:00+00:00,0.5214300155639648,0.5223000049591064,0.5208600163459778,0.5217400193214417,0.0,0.0,0.0,,,,,,
2025-06-30 01:00:00+00:00,0.5217400193214417,0.5223299860954285,0.5210300087928772,0.5217900276184082,0.0,0.0,0.0,,,,,,
2025-06-30 02:00:00+00:00,0.5217999815940857,0.522130012512207,0.5207399725914001,0.5218200087547302,0.0,0.0,0.0,,,,,,
2025-06-30 03:00:00+00:00,0.52183997631073,0.5221999883651733,0.5211899876594543,0.5220800042152405,0.0,0.0,0.0,,,,,,
2025-06-30 04:00:00+00:00,0.5220900177955627,0.5225200057029724,0.521340012550354,0.5223399996757507,0.0,0.0,0.0,,,,,,
2025-06-30 05:00:00+00:00,0.5223199725151062,0.5228099822998047,0.5215399861335754,0.5228000283241272,0.0,0.0,0.0,,,,,,
2025-06-30 06:00:00+00:00,0.5228000283241272,0.5229499936103821,0.5212000012397766,0.522159993648529,0.0,0.0,0.0,,,,,,
2025-06-30 07:00:00+00:00,0.5221899747848511,0.5222200155258179,0.5205900073051453,0.5220299959182739,0.0,0.0,0.0,,,,,,
2025-06-30 08:00:00+00:00,0.522059977054596,0.5223699808120728,0.5207300186157227,0.5213900208473206,0.0,0.0,0.0,,,,,,
2025-06-30 09:00:00+00:00,0.521399974822998,0.5216000080108643,0.5196700096130371,0.5202900171279907,0.0,0.0,0.0,,,,,,
2025-06-30 10:00:00+00:00,0.5202699899673462,0.5206500291824341,0.5193700194358826,0.5203800201416016,0.0,0.0,0.0,,,,,,
2025-06-30 11:00:00+00:00,0.520389974117279,0.520799994468689,0.5195599794387817,0.5207599997520447,0.0,0.0,0.0,,,,,,
2025-06-30 12:00:00+00:00,0.5207300186157227,0.521369993686676,0.5199000239372253,0.5212000012397766,0.0,0.0,0.0,,,,,,
2025-06-30 13:00:00+00:00,0.5212399959564209,0.5218700170516968,0.5204700231552124,0.5217400193214417,0.0,0.0,0.0,,,,,,
2025-06-30 14:00:00+00:00,0.5217199921607971,0.5224599838256836,0.5204799771308899,0.5215799808502197,0.0,0.0,0.0,,,,,,
2025-06-30 15:00:00+00:00,0.5215799808502197,0.5218499898910522,0.5202900171279907,0.5217499732971191,0.0,0.0,0.0,,,,,,
2025-06-30 16:00:00+00:00,0.5217199921607971,0.5221199989318848,0.5210099816322327,0.5219399929046631,0.0,0.0,0.0,,,,,,
2025-06-30 17:00:00+00:00,0.5219299793243408,0.5220199823379517,0.5206800103187561,0.5213900208473206,0.0,0.0,0.0,,,,,,
2025-06-30 18:00:00+00:00,0.521340012550354,0.5219399929046631,0.5206900238990784,0.5218700170516968,0.0,0.0,0.0,,,,,,
2025-06-30 19:00:00+00:00,0.5218799710273743,0.5223000049591064,0.5210899710655212,0.5220900177955627,0.0,0.0,0.0,,,,,,
2025-06-30 20:00:00+00:00,0.522059977054596,0.522130012512207,0.5211300253868103,0.5216699838638306,0.0,0.0,0.0,,,,,,
2025-06-30 21:00:00+00:00,0.5213099718093872,0.5218899846076965,0.5200200080871582,0.5217800140380859,0.0,0.0,0.0,,,,,,
2025-06-30 22:00:00+00:00,0.5215799808502197,0.5221199989318848,0.5211499929428101,0.5219200253486633,0.0,0.0,0.0,,,,,,
2025-06-30 23:00:00+00:00,0.5219600200653076,0.5220000147819519,0.5206800103187561,0.521340012550354,0.0,0.0,0.0,,,,,,
2025-07-01 00:00:00+00:00,0.521369993686676,0.521399974822998,0.5199599862098694,0.5206800103187561,0.0,0.0,0.0,,,,,,
2025-07-01 01:00:00+00:00,0.5206800103187561,0.5206999778747559,0.5190799832344055,0.5200600028038025,0.0,0.0,0.0,,,,,,
2025-07-01 02:00:00+00:00,0.5200499892234802,0.5205000042915344,0.5192300081253052,0.5204399824142456,0.0,0.0,0.0,,,,,,
2025-07-01 03:00:00+00:00,0.5204700231552124,0.5206500291824341,0.5195099711418152,0.520359992980957,0.0,0.0,0.0,,,,,,
2025-07-01 04:00:00+00:00,0.5203400254249573,0.5209000110626221,0.5194900035858154,0.5208200216293335,0.0,0.0,0.0,,,,,,
2025-07-01 05:00:00+00:00,0.520829975605011,0.5213000178337097,0.5199900269508362,0.5209900140762329,0.0,0.0,0.0,,,,,,
2025-07-01 06:00:00+00:00,0.5209699869155884,0.5210700035095215,0.519819974899292,0.5209199786186218,0.0,0.0,0.0,,,,,,
2025-07-01 07:00:00+00:00,0.5208799839019775,0.5213599801063538,0.5195599794387817,0.5206199884414673,0.0,0.0,0.0,,,,,,
2025-07-01 08:00:00+00:00,0.5206300020217896,0.520799994468689,0.5192199945449829,0.5201200246810913,0.0,0.0,0.0,,,,,,
2025-07-01 09:00:00+00:00,0.5201600193977356,0.5202000141143799,0.5180100202560425,0.5188900232315063,0.0,0.0,0.0,,,,,,
2025-07-01 10:00:00+00:00,0.5188999772071838,0.5195000171661377,0.5180799961090088,0.5192899703979492,0.0,0.0,0.0,,,,,,
2025-07-01 11:00:00+00:00,0.5193099975585938,0.519540011882782,0.5182300209999084,0.5191599726676941,0.0,0.0,0.0,,,,,,
2025-07-01 12:00:00+00:00,0.5191699862480164,0.519819974899292,0.5185700058937073,0.5193700194358826,0.0,0.0,0.0,,,,,,
2025-07-01 13:00:00+00:00,0.5193700194358826,0.5196300148963928,0.5179399847984314,0.5186899900436401,0.0,0.0,0.0,,,,,,
2025-07-01 14:00:00+00:00,0.5187100172042847,0.5210199952125549,0.5182899832725525,0.5202800035476685,0.0,0.0,0.0,,,,,,
2025-07-01 15:00:00+00:00,0.5202900171279907,0.521340012550354,0.5193700194358826,0.5209800004959106,0.0,0.0,0.0,,,,,,
2025-07-01 16:00:00+00:00,0.5209900140762329,0.5215499997138977,0.520330011844635,0.5210999846458435,0.0,0.0,0.0,,,,,,
2025-07-01 17:00:00+00:00,0.5210999846458435,0.5214999914169312,0.5202400088310242,0.5211399793624878,0.0,0.0,0.0,,,,,,
2025-07-01 18:00:00+00:00,0.5211499929428101,0.5212100148200989,0.520359992980957,0.5210899710655212,0.0,0.0,0.0,,,,,,
2025-07-01 19:00:00+00:00,0.5210199952125549,0.5213000178337097,0.5199599862098694,0.5210400223731995,0.0,0.0,0.0,,,,,,
2025-07-01 20:00:00+00:00,0.521049976348877,0.521120011806488,0.5196700096130371,0.5196700096130371,0.0,0.0,0.0,,,,,,
2025-07-01 21:00:00+00:00,0.5200499892234802,0.5204200148582458,0.5164200067520142,0.5198699831962585,0.0,0.0,0.0,,,,,,
2025-07-01 22:00:00+00:00,0.5199400186538696,0.5207499861717224,0.5196899771690369,0.5205299854278564,0.0,0.0,0.0,,,,,,
2025-07-01 23:00:00+00:00,0.5205600261688232,0.5207200050354004,0.5195599794387817,0.5202199816703796,0.0,0.0,0.0,,,,,,
2025-07-02 00:00:00+00:00,0.5202299952507019,0.5205100178718567,0.5194500088691711,0.5201299786567688,0.0,0.0,0.0,,,,,,
2025-07-02 01:00:00+00:00,0.5201399922370911,0.5203099846839905,0.5188900232315063,0.5198500156402588,0.0,0.0,0.0,,,,,,
2025-07-02 02:00:00+00:00,0.5198400020599365,0.5199099779129028,0.5189499855041504,0.5198100209236145,0.0,0.0,0.0,,,,,,
2025-07-02 03:00:00+00:00,0.5198299884796143,0.5204399824142456,0.5190899968147278,0.5204100012779236,0.0,0.0,0.0,,,,,,
2025-07-02 04:00:00+00:00,0.5203800201416016,0.5209199786186218,0.519599974155426,0.5207599997520447,0.0,0.0,0.0,,,,,,
2025-07-02 05:00:00+00:00,0.5207499861717224,0.5210599899291992,0.5199499726295471,0.5207800269126892,0.0,0.0,0.0,,,,,,
2025-07-02 06:00:00+00:00,0.5207899808883667,0.5210300087928772,0.5198400020599365,0.5204899907112122,0.0,0.0,0.0,,,,,,
2025-07-02 07:00:00+00:00,0.5205000042915344,0.521120011806488,0.5195599794387817,0.5202100276947021,0.0,0.0,0.0,,,,,,
2025-07-02 08:00:00+00:00,0.5201500058174133,0.5202999711036682,0.5191400051116943,0.5201200246810913,0.0,0.0,0.0,,,,,,
2025-07-02 09:00:00+00:00,0.5201299786567688,0.5206599831581116,0.5194699764251709,0.5203400254249573,0.0,0.0,0.0,,,,,,
2025-07-02 10:00:00+00:00,0.5203400254249573,0.5206000208854675,0.5195199847221375,0.5201900005340576,0.0,0.0,0.0,,,,,,
2025-07-02 11:00:00+00:00,0.5202000141143799,0.5206400156021118,0.5191500186920166,0.5198900103569031,0.0,0.0,0.0,,,,,,
2025-07-02 12:00:00+00:00,0.519860029220581,0.5203199982643127,0.5180100202560425,0.5193399786949158,0.0,0.0,0.0,,,,,,
2025-07-02 13:00:00+00:00,0.5193300247192383,0.5198400020599365,0.5186100006103516,0.5193700194358826,0.0,0.0,0.0,,,,,,
2025-07-02 14:00:00+00:00,0.5194000005722046,0.5207300186157227,0.5184699892997742,0.5206900238990784,0.0,0.0,0.0,,,,,,
2025-07-02 15:00:00+00:00,0.5207200050354004,0.5212200284004211,0.5196200013160706,0.5204799771308899,0.0,0.0,0.0,,,,,,
2025-07-02 16:00:00+00:00,0.5204899907112122,0.5207399725914001,0.5196200013160706,0.5205199718475342,0.0,0.0,0.0,,,,,,
2025-07-02 17:00:00+00:00,0.5205399990081787,0.5210099816322327,0.5198699831962585,0.5206300020217896,0.0,0.0,0.0,,,,,,
2025-07-02 18:00:00+00:00,0.520609974861145,0.5210000276565552,0.5199099779129028,0.5209100246429443,0.0,0.0,0.0,,,,,,
2025-07-02 19:00:00+00:00,0.5209000110626221,0.521399974822998,0.5202500224113464,0.5212600231170654,0.0,0.0,0.0,,,,,,
2025-07-02 20:00:00+00:00,0.5212900042533875,0.5215399861335754,0.5205199718475342,0.5211899876594543,0.0,0.0,0.0,,,,,,
2025-07-02 21:00:00+00:00,0.5207200050354004,0.5214800238609314,0.5198100209236145,0.520609974861145,0.0,0.0,0.0,,,,,,
2025-07-02 22:00:00+00:00,0.5211399793624878,0.5211399793624878,0.5211399793624878,0.5211399793624878,0.0,0.0,0.0,,,,,,
2025-07-02 23:00:00+00:00,0.5214800238609314,0.5215299725532532,0.5204499959945679,0.5210999846458435,0.0,0.0,0.0,,,,,,
2025-07-03 00:00:00+00:00,0.5210700035095215,0.5212000012397766,0.5197399854660034,0.5206199884414673,0.0,0.0,0.0,,,,,,
2025-07-03 01:00:00+00:00,0.5206199884414673,0.5206999778747559,0.5193099975585938,0.5201900005340576,0.0,0.0,0.0,,,,,,
2025-07-03 02:00:00+00:00,0.5201799869537354,0.5202000141143799,0.519070029258728,0.5199400186538696,0.0,0.0,0.0,,,,,,
2025-07-03 03:00:00+00:00,0.5199499726295471,0.5202999711036682,0.5191900134086609,0.519860029220581,0.0,0.0,0.0,,,,,,
2025-07-03 04:00:00+00:00,0.5198400020599365,0.5202199816703796,0.5191400051116943,0.5202000141143799,0.0,0.0,0.0,,,,,,
2025-07-03 05:00:00+00:00,0.5201900005340576,0.5203400254249573,0.5191299915313721,0.5202599763870239,0.0,0.0,0.0,,,,,,
2025-07-03 06:00:00+00:00,0.5202500224113464,0.5204200148582458,0.519070029258728,0.5197700262069702,0.0,0.0,0.0,,,,,,
2025-07-03 07:00:00+00:00,0.519760012626648,0.5205699801445007,0.5188599824905396,0.5205299854278564,0.0,0.0,0.0,,,,,,
2025-07-03 08:00:00+00:00,0.5205299854278564,0.5209400057792664,0.5198299884796143,0.5208600163459778,0.0,0.0,0.0,,,,,,
2025-07-03 09:00:00+00:00,0.5208399891853333,0.5213199853897095,0.5201399922370911,0.5211700201034546,0.0,0.0,0.0,,,,,,
2025-07-03 10:00:00+00:00,0.5211600065231323,0.5213500261306763,0.5201399922370911,0.5209900140762329,0.0,0.0,0.0,,,,,,
2025-07-03 11:00:00+00:00,0.5210199952125549,0.5217599868774414,0.520359992980957,0.5214599967002869,0.0,0.0,0.0,,,,,,
2025-07-03 12:00:00+00:00,0.5214800238609314,0.522599995136261,0.5202199816703796,0.5219900012016296,0.0,0.0,0.0,,,,,,
2025-07-03 13:00:00+00:00,0.5219900012016296,0.5231000185012817,0.5209199786186218,0.5219200253486633,0.0,0.0,0.0,,,,,,
2025-07-03 14:00:00+00:00,0.5217400193214417,0.5231099724769592,0.5213900208473206,0.5223000049591064,0.0,0.0,0.0,,,,,,
2025-07-03 15:00:00+00:00,0.5223000049591064,0.5228300094604492,0.5216299891471863,0.5226399898529053,0.0,0.0,0.0,,,,,,
2025-07-03 16:00:00+00:00,0.522599995136261,0.522819995880127,0.5217000246047974,0.5226500034332275,0.0,0.0,0.0,,,,,,
2025-07-03 17:00:00+00:00,0.5226600170135498,0.5228000283241272,0.5217900276184082,0.5227400064468384,0.0,0.0,0.0,,,,,,
2025-07-03 18:00:00+00:00,0.5227199792861938,0.5230100154876709,0.5219600200653076,0.5229700207710266,0.0,0.0,0.0,,,,,,
2025-07-03 19:00:00+00:00,0.5229600071907043,0.5230000019073486,0.5218200087547302,0.5226600170135498,0.0,0.0,0.0,,,,,,
2025-07-03 20:00:00+00:00,0.5226600170135498,0.5227500200271606,0.5215799808502197,0.5215799808502197,0.0,0.0,0.0,,,,,,
2025-07-03 21:00:00+00:00,0.521809995174408,0.5222100019454956,0.5213000178337097,0.5217499732971191,0.0,0.0,0.0,,,,,,
2025-07-04 00:00:00+00:00,0.52181,0.52272999,0.51867002,0.51959997,0.0,,,,,,,,
